Workbook
Name Slicer_Account: #N/A
Name Slicer_Agent: #N/A
Name Slicer_Category: #N/A
Name Slicer_Department: #N/A
Name Slicer_Region: #N/A

Sheet SQL_Import
A1: Ticket_ID | B1: Account | C1: Created_Date | D1: Closed_Date | E1: Category | F1: Subcategory | G1: Priority | H1: Agent | I1: Department | J1: Resolution_Time | K1: SLA_Target | L1: SLA_Met | M1: Customer_rating | N1: Reopened | O1: Ticket_Status | P1: Resolution_type | Q1: Region | R1: Calculated_SLA | S1: SLA_Mismatch | T1: SLA_score | U1: Subcategory_Validation
A2: TKT000001 | B2: United Overseas Bank | C2: 2026-03-17 16:17:00 | D2: 2026-03-18 07:18:00 | E2: Connectivity & Software | F2: Network Dropouts | G2: Low | H2: Michael | I2: Network Team | J2: 15.2 | K2: 24 | L2: Yes | M2: 4 | N2: No | O2: Closed | P2: Fixed | Q2: South | R2: =IF(Table14[[#This Row],[Resolution_Time]]>Table14[[#This Row],[SLA_Target]],"No", "Yes") -> Yes | S2: =IF(Table14[[#This Row],[Calculated_SLA]]=Table14[[#This Row],[SLA_Met]],"Match","Mismatch") -> Match | T2: =IF(Table14[[#This Row],[Calculated_SLA]]="Yes",1,0) -> 1 | U2: =IF(COUNTIFS(Reference_data!A:A,Table14[[#This Row],[Category]],Reference_data!B:B,Table14[[#This Row],[Subcategory]])>0,"Valid","Invalid") -> Valid
A3: TKT000002 | B3: Amazon Ltd | C3: 2026-03-21 13:21:00 | D3: 2026-03-21 18:21:00 | E3: Print Quality | F3: Finishing Errors | G3: Low | H3: Tina | I3: Field Support | J3: 5 | K3: 24 | L3: No | M3: 3 | N3: Yes | O3: Closed | P3: Temporary Workaround | Q3: West | R3: =IF(Table14[[#This Row],[Resolution_Time]]>Table14[[#This Row],[SLA_Target]],"No", "Yes") -> Yes | S3: =IF(Table14[[#This Row],[Calculated_SLA]]=Table14[[#This Row],[SLA_Met]],"Match","Mismatch") -> Mismatch | T3: =IF(Table14[[#This Row],[Calculated_SLA]]="Yes",1,0) -> 1 | U3: =IF(COUNTIFS(Reference_data!A:A,Table14[[#This Row],[Category]],Reference_data!B:B,Table14[[#This Row],[Subcategory]])>0,"Valid","Invalid") -> Valid
A4: TKT000003 | B4: Tata Consultancy Services Ltd | C4: 2026-03-25 14:25:00 | D4: 2026-03-25 18:25:00 | E4: Contract & Billing | F4: Relocation Requests | G4: Medium | H4: Emma | I4: Billing Team | J4: 3.3 | K4: 8 | L4: Yes | M4: 4 | N4: No | O4: Closed | P4: Fixed | Q4: South | R4: =IF(Table14[[#This Row],[Resolution_Time]]>Table14[[#This Row],[SLA_Target]],"No", "Yes") -> Yes | S4: =IF(Table14[[#This Row],[Calculated_SLA]]=Table14[[#This Row],[SLA_Met]],"Match","Mismatch") -> Match | T4: =IF(Table14[[#This Row],[Calculated_SLA]]="Yes",1,0) -> 1 | U4: =IF(COUNTIFS(Reference_data!A:A,Table14[[#This Row],[Category]],Reference_data!B:B,Table14[[#This Row],[Subcategory]])>0,"Valid","Invalid") -> Valid
A5: TKT000004 | B5: HDFC Bank Ltd | C5: 2026-03-22 08:22:00 | D5: 2026-03-22 15:22:00 | E5: Print Quality | F5: Color Calibration | G5: High | H5: James | I5: Remote Support | J5: 6.9 | K5: 4 | L5: No | M5: 1 | N5: No | O5: Closed | P5: Escalated | Q5: North | R5: =IF(Table14[[#This Row],[Resolution_Time]]>Table14[[#This Row],[SLA_Target]],"No", "Yes") -> No | S5: =IF(Table14[[#This Row],[Calculated_SLA]]=Table14[[#This Row],[SLA_Met]],"Match","Mismatch") -> Match | T5: =IF(Table14[[#This Row],[Calculated_SLA]]="Yes",1,0) -> 0 | U5: =IF(COUNTIFS(Reference_data!A:A,Table14[[#This Row],[Category]],Reference_data!B:B,Table14[[#This Row],[Subcategory]])>0,"Valid","Invalid") -> Valid
A6: TKT000005 | B6: ICICI Bank Ltd | C6: 2026-01-27 12:27:00 | D6: 2026-01-27 22:27:00 | E6: Connectivity & Software | F6: Driver & Setup | G6: Medium | H6: Sarah | I6: Network Team | J6: 10.1 | K6: 8 | L6: No | M6: 1 | N6: No | O6: Closed | P6: Temporary Workaround | Q6: North | R6: =IF(Table14[[#This Row],[Resolution_Time]]>Table14[[#This Row],[SLA_Target]],"No", "Yes") -> No | S6: =IF(Table14[[#This Row],[Calculated_SLA]]=Table14[[#This Row],[SLA_Met]],"Match","Mismatch") -> Match | T6: =IF(Table14[[#This Row],[Calculated_SLA]]="Yes",1,0) -> 0 | U6: =IF(COUNTIFS(Reference_data!A:A,Table14[[#This Row],[Category]],Reference_data!B:B,Table14[[#This Row],[Subcategory]])>0,"Valid","Invalid") -> Valid
A7: TKT000006 | B7: LIC Corp Ltd | C7: 2026-01-17 11:17:00 | D7: 2026-01-17 23:17:00 | E7: Connectivity & Software | F7: Scan-to-Email | G7: Medium | H7: Judy | I7: Network Team | J7: 12 | K7: 8 | L7: No | M7: 3 | N7: No | O7: Closed | P7: Escalated | Q7: West | R7: =IF(Table14[[#This Row],[Resolution_Time]]>Table14[[#This Row],[SLA_Target]],"No", "Yes") -> No | S7: =IF(Table14[[#This Row],[Calculated_SLA]]=Table14[[#This Row],[SLA_Met]],"Match","Mismatch") -> Match | T7: =IF(Table14[[#This Row],[Calculated_SLA]]="Yes",1,0) -> 0 | U7: =IF(COUNTIFS(Reference_data!A:A,Table14[[#This Row],[Category]],Reference_data!B:B,Table14[[#This Row],[Subcategory]])>0,"Valid","Invalid") -> Valid
A8: TKT000007 | B8: Amazon Ltd | C8: 2026-03-17 13:17:00 | D8: 2026-03-17 17:17:00 | E8: Connectivity & Software | F8: Scan-to-Email | G8: Medium | H8: Emma | I8: Network Team | J8: 4.9 | K8: 8 | L8: Yes | M8: 4 | N8: No | O8: Closed | P8: Fixed | Q8: West | R8: =IF(Table14[[#This Row],[Resolution_Time]]>Table14[[#This Row],[SLA_Target]],"No", "Yes") -> Yes | S8: =IF(Table14[[#This Row],[Calculated_SLA]]=Table14[[#This Row],[SLA_Met]],"Match","Mismatch") -> Match | T8: =IF(Table14[[#This Row],[Calculated_SLA]]="Yes",1,0) -> 1 | U8: =IF(COUNTIFS(Reference_data!A:A,Table14[[#This Row],[Category]],Reference_data!B:B,Table14[[#This Row],[Subcategory]])>0,"Valid","Invalid") -> Valid
A9: TKT000008 | B9: Reliance Ltd | C9: 2026-03-20 14:20:00 | D9: 2026-03-21 03:21:00 | E9: Hardware & Mechanical | F9: Device Errors | G9: Medium | H9: Judy | I9: Hardware Team | J9: 13.5 | K9: 8 | L9: No | M9: 1 | N9: No | O9: Closed | P9: Temporary Workaround | Q9: West | R9: =IF(Table14[[#This Row],[Resolution_Time]]>Table14[[#This Row],[SLA_Target]],"No", "Yes") -> No | S9: =IF(Table14[[#This Row],[Calculated_SLA]]=Table14[[#This Row],[SLA_Met]],"Match","Mismatch") -> Match | T9: =IF(Table14[[#This Row],[Calculated_SLA]]="Yes",1,0) -> 0 | U9: =IF(COUNTIFS(Reference_data!A:A,Table14[[#This Row],[Category]],Reference_data!B:B,Table14[[#This Row],[Subcategory]])>0,"Valid","Invalid") -> Valid
A10: TKT000009 | B10: Amazon Ltd | C10: 2026-03-17 13:17:00 | D10: 2026-03-17 23:17:00 | E10: Supplies & Logistics | F10: Paper Supply | G10: Medium | H10: Mary | I10: Logistics Team | J10: 9.5 | K10: 8 | L10: No | M10: 3 | N10: No | O10: Closed | P10: Temporary Workaround | Q10: West | R10: =IF(Table14[[#This Row],[Resolution_Time]]>Table14[[#This Row],[SLA_Target]],"No", "Yes") -> No | S10: =IF(Table14[[#This Row],[Calculated_SLA]]=Table14[[#This Row],[SLA_Met]],"Match","Mismatch") -> Match | T10: =IF(Table14[[#This Row],[Calculated_SLA]]="Yes",1,0) -> 0 | U10: =IF(COUNTIFS(Reference_data!A:A,Table14[[#This Row],[Category]],Reference_data!B:B,Table14[[#This Row],[Subcategory]])>0,"Valid","Invalid") -> Valid
A11: TKT000010 | B11: Amazon Ltd | C11: 2026-02-09 13:09:00 | D11: 2026-02-10 04:10:00 | E11: Connectivity & Software | F11: Network Dropouts | G11: High | H11: Tony | I11: Network Team | J11: 14.8 | K11: 4 | L11: No | M11: 2 | N11: No | O11: Closed | P11: Escalated | Q11: North | R11: =IF(Table14[[#This Row],[Resolution_Time]]>Table14[[#This Row],[SLA_Target]],"No", "Yes") -> No | S11: =IF(Table14[[#This Row],[Calculated_SLA]]=Table14[[#This Row],[SLA_Met]],"Match","Mismatch") -> Match | T11: =IF(Table14[[#This Row],[Calculated_SLA]]="Yes",1,0) -> 0 | U11: =IF(COUNTIFS(Reference_data!A:A,Table14[[#This Row],[Category]],Reference_data!B:B,Table14[[#This Row],[Subcategory]])>0,"Valid","Invalid") -> Valid
A12: TKT000011 | B12: HDFC Bank Ltd | C12: 2026-03-09 13:09:00 | D12: 2026-03-10 03:10:00 | E12: Hardware & Mechanical | F12: Device Errors | G12: Low | H12: Mary | I12: Hardware Team | J12: 14.5 | K12: 24 | L12: Yes | M12: 4 | N12: No | O12: Closed | P12: Fixed | Q12: West | R12: =IF(Table14[[#This Row],[Resolution_Time]]>Table14[[#This Row],[SLA_Target]],"No", "Yes") -> Yes | S12: =IF(Table14[[#This Row],[Calculated_SLA]]=Table14[[#This Row],[SLA_Met]],"Match","Mismatch") -> Match | T12: =IF(Table14[[#This Row],[Calculated_SLA]]="Yes",1,0) -> 1 | U12: =IF(COUNTIFS(Reference_data!A:A,Table14[[#This Row],[Category]],Reference_data!B:B,Table14[[#This Row],[Subcategory]])>0,"Valid","Invalid") -> Valid
A13: TKT000012 | B13: Amazon Ltd | C13: 2026-03-05 16:05:00 | D13: 2026-03-06 05:06:00 | E13: Connectivity & Software | F13: Network Dropouts | G13: Medium | H13: James | I13: Network Team | J13: 12.8 | K13: 8 | L13: No | M13: 2 | N13: No | O13: Closed | P13: Escalated | Q13: West | R13: =IF(Table14[[#This Row],[Resolution_Time]]>Table14[[#This Row],[SLA_Target]],"No", "Yes") -> No | S13: =IF(Table14[[#This Row],[Calculated_SLA]]=Table14[[#This Row],[SLA_Met]],"Match","Mismatch") -> Match | T13: =IF(Table14[[#This Row],[Calculated_SLA]]="Yes",1,0) -> 0 | U13: =IF(COUNTIFS(Reference_data!A:A,Table14[[#This Row],[Category]],Reference_data!B:B,Table14[[#This Row],[Subcategory]])>0,"Valid","Invalid") -> Valid
... A18: TKT000017 | B18: HDFC Bank Ltd | C18: 2026-02-15 15:15:00 | D18: 2026-02-15 20:15:00 | E18: Supplies & Logistics | F18: Toner Replenishment | G18: Medium | H18: Judy | I18: Logistics Team | J18: 5.2 | K18: 8 | L18: Yes | M18: 4 | N18: No | O18: Closed | P18: Fixed | Q18: North | R18: =IF(Table14[[#This Row],[Resolution_Time]]>Table14[[#This Row],[SLA_Target]],"No", "Yes") -> Yes | S18: =IF(Table14[[#This Row],[Calculated_SLA]]=Table14[[#This Row],[SLA_Met]],"Match","Mismatch") -> Match | T18: =IF(Table14[[#This Row],[Calculated_SLA]]="Yes",1,0) -> 1 | U18: =IF(COUNTIFS(Reference_data!A:A,Table14[[#This Row],[Category]],Reference_data!B:B,Table14[[#This Row],[Subcategory]])>0,"Valid","Invalid") -> Valid
A19: TKT000018 | B19: HDFC Bank Ltd | C19: 2026-01-06 12:06:00 | D19: 2026-01-06 21:06:00 | E19: Hardware & Mechanical | F19: Device Errors | G19: Medium | H19: Sarah | I19: Hardware Team | J19: 9.2 | K19: 8 | L19: No | M19: \N | N19: Yes | O19: Closed | P19: Escalated | Q19: West | R19: =IF(Table14[[#This Row],[Resolution_Time]]>Table14[[#This Row],[SLA_Target]],"No", "Yes") -> No | S19: =IF(Table14[[#This Row],[Calculated_SLA]]=Table14[[#This Row],[SLA_Met]],"Match","Mismatch") -> Match | T19: =IF(Table14[[#This Row],[Calculated_SLA]]="Yes",1,0) -> 0 | U19: =IF(COUNTIFS(Reference_data!A:A,Table14[[#This Row],[Category]],Reference_data!B:B,Table14[[#This Row],[Subcategory]])>0,"Valid","Invalid") -> Valid
A20: TKT000019 | B20: Bajaj Finance Ltd | C20: 2026-03-13 08:13:00 | D20: 2026-03-13 14:13:00 | E20: Connectivity & Software | F20: Driver & Setup | G20: Medium | H20: James | I20: Network Team | J20: 6.6 | K20: 8 | L20: Yes | M20: 4 | N20: No | O20: Closed | P20: Fixed | Q20: East | R20: =IF(Table14[[#This Row],[Resolution_Time]]>Table14[[#This Row],[SLA_Target]],"No", "Yes") -> Yes | S20: =IF(Table14[[#This Row],[Calculated_SLA]]=Table14[[#This Row],[SLA_Met]],"Match","Mismatch") -> Match | T20: =IF(Table14[[#This Row],[Calculated_SLA]]="Yes",1,0) -> 1 | U20: =IF(COUNTIFS(Reference_data!A:A,Table14[[#This Row],[Category]],Reference_data!B:B,Table14[[#This Row],[Subcategory]])>0,"Valid","Invalid") -> Valid
A21: TKT000020 | B21: HDFC Bank Ltd | C21: 2026-01-07 12:07:00 | D21: 2026-01-07 17:07:00 | E21: Print Quality | F21: Defective Prints | G21: Medium | H21: James | I21: Remote Support | J21: 5.1 | K21: 8 | L21: Yes | M21: 4 | N21: No | O21: Closed | P21: Fixed | Q21: West | R21: =IF(Table14[[#This Row],[Resolution_Time]]>Table14[[#This Row],[SLA_Target]],"No", "Yes") -> Yes | S21: =IF(Table14[[#This Row],[Calculated_SLA]]=Table14[[#This Row],[SLA_Met]],"Match","Mismatch") -> Match | T21: =IF(Table14[[#This Row],[Calculated_SLA]]="Yes",1,0) -> 1 | U21: =IF(COUNTIFS(Reference_data!A:A,Table14[[#This Row],[Category]],Reference_data!B:B,Table14[[#This Row],[Subcategory]])>0,"Valid","Invalid") -> Valid
A22: TKT000021 | B22: Amazon Ltd | C22: 2026-01-17 13:17:00 | D22: 2026-01-17 22:17:00 | E22: Connectivity & Software | F22: Network Dropouts | G22: Low | H22: Emma | I22: Network Team | J22: 9.6 | K22: 24 | L22: Yes | M22: 4 | N22: No | O22: Closed | P22: Fixed | Q22: West | R22: =IF(Table14[[#This Row],[Resolution_Time]]>Table14[[#This Row],[SLA_Target]],"No", "Yes") -> Yes | S22: =IF(Table14[[#This Row],[Calculated_SLA]]=Table14[[#This Row],[SLA_Met]],"Match","Mismatch") -> Match | T22: =IF(Table14[[#This Row],[Calculated_SLA]]="Yes",1,0) -> 1 | U22: =IF(COUNTIFS(Reference_data!A:A,Table14[[#This Row],[Category]],Reference_data!B:B,Table14[[#This Row],[Subcategory]])>0,"Valid","Invalid") -> Valid
A23: TKT000022 | B23: Bajaj Finance Ltd | C23: 2026-02-21 11:21:00 | D23: 2026-02-21 18:21:00 | E23: Supplies & Logistics | F23: Paper Supply | G23: Low | H23: Judy | I23: Logistics Team | J23: 7.4 | K23: 24 | L23: Yes | M23: 5 | N23: No | O23: Closed | P23: Fixed | Q23: North | R23: =IF(Table14[[#This Row],[Resolution_Time]]>Table14[[#This Row],[SLA_Target]],"No", "Yes") -> Yes | S23: =IF(Table14[[#This Row],[Calculated_SLA]]=Table14[[#This Row],[SLA_Met]],"Match","Mismatch") -> Match | T23: =IF(Table14[[#This Row],[Calculated_SLA]]="Yes",1,0) -> 1 | U23: =IF(COUNTIFS(Reference_data!A:A,Table14[[#This Row],[Category]],Reference_data!B:B,Table14[[#This Row],[Subcategory]])>0,"Valid","Invalid") -> Valid
A24: TKT000023 | B24: Bharti Airtel Ltd | C24: 2026-02-12 11:12:00 | D24: 2026-02-12 20:12:00 | E24: Print Quality | F24: Color Calibration | G24: Medium | H24: Jack | I24: Remote Support | J24: 9.1 | K24: 8 | L24: No | M24: \N | N24: Yes | O24: Closed | P24: Temporary Workaround | Q24: East | R24: =IF(Table14[[#This Row],[Resolution_Time]]>Table14[[#This Row],[SLA_Target]],"No", "Yes") -> No | S24: =IF(Table14[[#This Row],[Calculated_SLA]]=Table14[[#This Row],[SLA_Met]],"Match","Mismatch") -> Match | T24: =IF(Table14[[#This Row],[Calculated_SLA]]="Yes",1,0) -> 0 | U24: =IF(COUNTIFS(Reference_data!A:A,Table14[[#This Row],[Category]],Reference_data!B:B,Table14[[#This Row],[Subcategory]])>0,"Valid","Invalid") -> Valid
A25: TKT000024 | B25: Bajaj Finance Ltd | C25: 2026-02-21 17:21:00 | D25: 2026-02-22 01:22:00 | E25: Print Quality | F25: Color Calibration | G25: Medium | H25: Tony | I25: Remote Support | J25: 8 | K25: 8 | L25: Yes | M25: 5 | N25: No | O25: Closed | P25: Fixed | Q25: South | R25: =IF(Table14[[#This Row],[Resolution_Time]]>Table14[[#This Row],[SLA_Target]],"No", "Yes") -> Yes | S25: =IF(Table14[[#This Row],[Calculated_SLA]]=Table14[[#This Row],[SLA_Met]],"Match","Mismatch") -> Match | T25: =IF(Table14[[#This Row],[Calculated_SLA]]="Yes",1,0) -> 1 | U25: =IF(COUNTIFS(Reference_data!A:A,Table14[[#This Row],[Category]],Reference_data!B:B,Table14[[#This Row],[Subcategory]])>0,"Valid","Invalid") -> Valid
A26: TKT000025 | B26: Amazon Ltd | C26: 2026-02-16 13:16:00 | D26: 2026-02-17 03:17:00 | E26: Connectivity & Software | F26: Scan-to-Email | G26: Medium | H26: James | I26: Network Team | J26: 14.7 | K26: 8 | L26: No | M26: 1 | N26: Yes | O26: Closed | P26: Temporary Workaround | Q26: East | R26: =IF(Table14[[#This Row],[Resolution_Time]]>Table14[[#This Row],[SLA_Target]],"No", "Yes") -> No | S26: =IF(Table14[[#This Row],[Calculated_SLA]]=Table14[[#This Row],[SLA_Met]],"Match","Mismatch") -> Match | T26: =IF(Table14[[#This Row],[Calculated_SLA]]="Yes",1,0) -> 0 | U26: =IF(COUNTIFS(Reference_data!A:A,Table14[[#This Row],[Category]],Reference_data!B:B,Table14[[#This Row],[Subcategory]])>0,"Valid","Invalid") -> Valid
A27: TKT000026 | B27: Bharti Airtel Ltd | C27: 2026-03-25 17:25:00 | D27: 2026-03-26 02:26:00 | E27: Supplies & Logistics | F27: Toner Replenishment | G27: Medium | H27: Tony | I27: Logistics Team | J27: 9.2 | K27: 8 | L27: No | M27: 3 | N27: No | O27: Closed | P27: Escalated | Q27: East | R27: =IF(Table14[[#This Row],[Resolution_Time]]>Table14[[#This Row],[SLA_Target]],"No", "Yes") -> No | S27: =IF(Table14[[#This Row],[Calculated_SLA]]=Table14[[#This Row],[SLA_Met]],"Match","Mismatch") -> Match | T27: =IF(Table14[[#This Row],[Calculated_SLA]]="Yes",1,0) -> 0 | U27: =IF(COUNTIFS(Reference_data!A:A,Table14[[#This Row],[Category]],Reference_data!B:B,Table14[[#This Row],[Subcategory]])>0,"Valid","Invalid") -> Valid
A28: TKT000027 | B28: Reliance Ltd | C28: 2026-03-18 14:18:00 | D28: 2026-03-18 21:18:00 | E28: Print Quality | F28: Color Calibration | G28: Low | H28: Sarah | I28: Remote Support | J28: 6.3 | K28: 24 | L28: Yes | M28: 4 | N28: No | O28: Closed | P28: Fixed | Q28: East | R28: =IF(Table14[[#This Row],[Resolution_Time]]>Table14[[#This Row],[SLA_Target]],"No", "Yes") -> Yes | S28: =IF(Table14[[#This Row],[Calculated_SLA]]=Table14[[#This Row],[SLA_Met]],"Match","Mismatch") -> Match | T28: =IF(Table14[[#This Row],[Calculated_SLA]]="Yes",1,0) -> 1 | U28: =IF(COUNTIFS(Reference_data!A:A,Table14[[#This Row],[Category]],Reference_data!B:B,Table14[[#This Row],[Subcategory]])>0,"Valid","Invalid") -> Valid
A29: TKT000028 | B29: Bharti Airtel Ltd | C29: 2026-01-14 16:14:00 | D29: 2026-01-15 01:15:00 | E29: Connectivity & Software | F29: Network Dropouts | G29: Medium | H29: Sarah | I29: Network Team | J29: 9.5 | K29: 8 | L29: No | M29: 3 | N29: Yes | O29: Closed | P29: Temporary Workaround | Q29: West | R29: =IF(Table14[[#This Row],[Resolution_Time]]>Table14[[#This Row],[SLA_Target]],"No", "Yes") -> No | S29: =IF(Table14[[#This Row],[Calculated_SLA]]=Table14[[#This Row],[SLA_Met]],"Match","Mismatch") -> Match | T29: =IF(Table14[[#This Row],[Calculated_SLA]]="Yes",1,0) -> 0 | U29: =IF(COUNTIFS(Reference_data!A:A,Table14[[#This Row],[Category]],Reference_data!B:B,Table14[[#This Row],[Subcategory]])>0,"Valid","Invalid") -> Valid
A30: TKT000029 | B30: Reliance Ltd | C30: 2026-03-03 13:03:00 | D30: 2026-03-04 02:04:00 | E30: Connectivity & Software | F30: Driver & Setup | G30: Low | H30: James | I30: Network Team | J30: 12.4 | K30: 24 | L30: No | M30: 3 | N30: Yes | O30: Closed | P30: Escalated | Q30: West | R30: =IF(Table14[[#This Row],[Resolution_Time]]>Table14[[#This Row],[SLA_Target]],"No", "Yes") -> Yes | S30: =IF(Table14[[#This Row],[Calculated_SLA]]=Table14[[#This Row],[SLA_Met]],"Match","Mismatch") -> Mismatch | T30: =IF(Table14[[#This Row],[Calculated_SLA]]="Yes",1,0) -> 1 | U30: =IF(COUNTIFS(Reference_data!A:A,Table14[[#This Row],[Category]],Reference_data!B:B,Table14[[#This Row],[Subcategory]])>0,"Valid","Invalid") -> Valid
A31: TKT000030 | B31: Tata Consultancy Services Ltd | C31: 2026-01-20 13:20:00 | D31: 2026-01-21 05:21:00 | E31: Hardware & Mechanical | F31: Device Errors | G31: Medium | H31: James | I31: Hardware Team | J31: 15.5 | K31: 8 | L31: No | M31: 1 | N31: No | O31: Closed | P31: Escalated | Q31: West | R31: =IF(Table14[[#This Row],[Resolution_Time]]>Table14[[#This Row],[SLA_Target]],"No", "Yes") -> No | S31: =IF(Table14[[#This Row],[Calculated_SLA]]=Table14[[#This Row],[SLA_Met]],"Match","Mismatch") -> Match | T31: =IF(Table14[[#This Row],[Calculated_SLA]]="Yes",1,0) -> 0 | U31: =IF(COUNTIFS(Reference_data!A:A,Table14[[#This Row],[Category]],Reference_data!B:B,Table14[[#This Row],[Subcategory]])>0,"Valid","Invalid") -> Valid
A32: TKT000031 | B32: Bharti Airtel Ltd | C32: 2026-03-11 09:11:00 | D32: 2026-03-11 14:11:00 | E32: Print Quality | F32: Defective Prints | G32: Medium | H32: Tony | I32: Remote Support | J32: 5.8 | K32: 8 | L32: Yes | M32: 4 | N32: No | O32: Closed | P32: Fixed | Q32: North | R32: =IF(Table14[[#This Row],[Resolution_Time]]>Table14[[#This Row],[SLA_Target]],"No", "Yes") -> Yes | S32: =IF(Table14[[#This Row],[Calculated_SLA]]=Table14[[#This Row],[SLA_Met]],"Match","Mismatch") -> Match | T32: =IF(Table14[[#This Row],[Calculated_SLA]]="Yes",1,0) -> 1 | U32: =IF(COUNTIFS(Reference_data!A:A,Table14[[#This Row],[Category]],Reference_data!B:B,Table14[[#This Row],[Subcategory]])>0,"Valid","Invalid") -> Valid
A33: TKT000032 | B33: Bajaj Finance Ltd | C33: 2026-03-13 15:13:00 | D33: 2026-03-14 09:14:00 | E33: Hardware & Mechanical | F33: Paper Jam | G33: Medium | H33: Jack | I33: Hardware Team | J33: 18.1 | K33: 8 | L33: No | M33: 2 | N33: Yes | O33: Closed | P33: Escalated | Q33: West | R33: =IF(Table14[[#This Row],[Resolution_Time]]>Table14[[#This Row],[SLA_Target]],"No", "Yes") -> No | S33: =IF(Table14[[#This Row],[Calculated_SLA]]=Table14[[#This Row],[SLA_Met]],"Match","Mismatch") -> Match | T33: =IF(Table14[[#This Row],[Calculated_SLA]]="Yes",1,0) -> 0 | U33: =IF(COUNTIFS(Reference_data!A:A,Table14[[#This Row],[Category]],Reference_data!B:B,Table14[[#This Row],[Subcategory]])>0,"Valid","Invalid") -> Valid
A34: TKT000033 | B34: Tata Consultancy Services Ltd | C34: 2026-01-11 15:11:00 | D34: 2026-01-12 02:12:00 | E34: Connectivity & Software | F34: Driver & Setup | G34: Low | H34: Mary | I34: Network Team | J34: 11.1 | K34: 24 | L34: Yes | M34: 5 | N34: No | O34: Closed | P34: Fixed | Q34: West | R34: =IF(Table14[[#This Row],[Resolution_Time]]>Table14[[#This Row],[SLA_Target]],"No", "Yes") -> Yes | S34: =IF(Table14[[#This Row],[Calculated_SLA]]=Table14[[#This Row],[SLA_Met]],"Match","Mismatch") -> Match | T34: =IF(Table14[[#This Row],[Calculated_SLA]]="Yes",1,0) -> 1 | U34: =IF(COUNTIFS(Reference_data!A:A,Table14[[#This Row],[Category]],Reference_data!B:B,Table14[[#This Row],[Subcategory]])>0,"Valid","Invalid") -> Valid
A35: TKT000034 | B35: United Overseas Bank | C35: 2026-03-26 14:26:00 | D35: 2026-03-26 20:26:00 | E35: Print Quality | F35: Finishing Errors | G35: High | H35: Tina | I35: Field Support | J35: 6.4 | K35: 4 | L35: No | M35: 3 | N35: No | O35: Closed | P35: Escalated | Q35: West | R35: =IF(Table14[[#This Row],[Resolution_Time]]>Table14[[#This Row],[SLA_Target]],"No", "Yes") -> No | S35: =IF(Table14[[#This Row],[Calculated_SLA]]=Table14[[#This Row],[SLA_Met]],"Match","Mismatch") -> Match | T35: =IF(Table14[[#This Row],[Calculated_SLA]]="Yes",1,0) -> 0 | U35: =IF(COUNTIFS(Reference_data!A:A,Table14[[#This Row],[Category]],Reference_data!B:B,Table14[[#This Row],[Subcategory]])>0,"Valid","Invalid") -> Valid
A36: TKT000035 | B36: United Overseas Bank | C36: 2026-02-12 08:12:00 | D36: 2026-02-12 17:12:00 | E36: Hardware & Mechanical | F36: Paper Jam | G36: Low | H36: James | I36: Hardware Team | J36: 9.6 | K36: 24 | L36: Yes | M36: 4 | N36: No | O36: Closed | P36: Fixed | Q36: East | R36: =IF(Table14[[#This Row],[Resolution_Time]]>Table14[[#This Row],[SLA_Target]],"No", "Yes") -> Yes | S36: =IF(Table14[[#This Row],[Calculated_SLA]]=Table14[[#This Row],[SLA_Met]],"Match","Mismatch") -> Match | T36: =IF(Table14[[#This Row],[Calculated_SLA]]="Yes",1,0) -> 1 | U36: =IF(COUNTIFS(Reference_data!A:A,Table14[[#This Row],[Category]],Reference_data!B:B,Table14[[#This Row],[Subcategory]])>0,"Valid","Invalid") -> Valid
... A38: TKT000037 | B38: HDFC Bank Ltd | C38: 2026-03-15 08:15:00 | D38: 2026-03-15 17:15:00 | E38: Connectivity & Software | F38: Scan-to-Email | G38: Medium | H38: Judy | I38: Network Team | J38: 8.6 | K38: 8 | L38: No | M38: 3 | N38: Yes | O38: Closed | P38: Escalated | Q38: East | R38: =IF(Table14[[#This Row],[Resolution_Time]]>Table14[[#This Row],[SLA_Target]],"No", "Yes") -> No | S38: =IF(Table14[[#This Row],[Calculated_SLA]]=Table14[[#This Row],[SLA_Met]],"Match","Mismatch") -> Match | T38: =IF(Table14[[#This Row],[Calculated_SLA]]="Yes",1,0) -> 0 | U38: =IF(COUNTIFS(Reference_data!A:A,Table14[[#This Row],[Category]],Reference_data!B:B,Table14[[#This Row],[Subcategory]])>0,"Valid","Invalid") -> Valid
A39: TKT000038 | B39: Tata Consultancy Services Ltd | C39: 2026-03-04 13:04:00 | D39: 2026-03-04 17:04:00 | E39: Print Quality | F39: Defective Prints | G39: Medium | H39: Emma | I39: Remote Support | J39: 4.1 | K39: 8 | L39: Yes | M39: \N | N39: No | O39: Closed | P39: Fixed | Q39: South | R39: =IF(Table14[[#This Row],[Resolution_Time]]>Table14[[#This Row],[SLA_Target]],"No", "Yes") -> Yes | S39: =IF(Table14[[#This Row],[Calculated_SLA]]=Table14[[#This Row],[SLA_Met]],"Match","Mismatch") -> Match | T39: =IF(Table14[[#This Row],[Calculated_SLA]]="Yes",1,0) -> 1 | U39: =IF(COUNTIFS(Reference_data!A:A,Table14[[#This Row],[Category]],Reference_data!B:B,Table14[[#This Row],[Subcategory]])>0,"Valid","Invalid") -> Valid
A40: TKT000039 | B40: Bajaj Finance Ltd | C40: 2026-02-27 08:27:00 | D40: 2026-02-27 17:27:00 | E40: Supplies & Logistics | F40: Toner Replenishment | G40: High | H40: Mary | I40: Logistics Team | J40: 8.8 | K40: 4 | L40: No | M40: 3 | N40: Yes | O40: Closed | P40: Temporary Workaround | Q40: North | R40: =IF(Table14[[#This Row],[Resolution_Time]]>Table14[[#This Row],[SLA_Target]],"No", "Yes") -> No | S40: =IF(Table14[[#This Row],[Calculated_SLA]]=Table14[[#This Row],[SLA_Met]],"Match","Mismatch") -> Match | T40: =IF(Table14[[#This Row],[Calculated_SLA]]="Yes",1,0) -> 0 | U40: =IF(COUNTIFS(Reference_data!A:A,Table14[[#This Row],[Category]],Reference_data!B:B,Table14[[#This Row],[Subcategory]])>0,"Valid","Invalid") -> Valid
A41: TKT000040 | B41: Hindustan Unilever Ltd | C41: 2026-01-27 14:27:00 | D41: 2026-01-27 23:27:00 | E41: Hardware & Mechanical | F41: Parts Wear | G41: Low | H41: Sarah | I41: Field Support | J41: 8.6 | K41: 24 | L41: Yes | M41: 4 | N41: No | O41: Closed | P41: Fixed | Q41: East | R41: =IF(Table14[[#This Row],[Resolution_Time]]>Table14[[#This Row],[SLA_Target]],"No", "Yes") -> Yes | S41: =IF(Table14[[#This Row],[Calculated_SLA]]=Table14[[#This Row],[SLA_Met]],"Match","Mismatch") -> Match | T41: =IF(Table14[[#This Row],[Calculated_SLA]]="Yes",1,0) -> 1 | U41: =IF(COUNTIFS(Reference_data!A:A,Table14[[#This Row],[Category]],Reference_data!B:B,Table14[[#This Row],[Subcategory]])>0,"Valid","Invalid") -> Valid
A42: TKT000041 | B42: HDFC Bank Ltd | C42: 2026-02-27 09:27:00 | D42: 2026-02-27 18:27:00 | E42: Hardware & Mechanical | F42: Paper Jam | G42: Medium | H42: Judy | I42: Hardware Team | J42: 9.8 | K42: 8 | L42: No | M42: 1 | N42: Yes | O42: Closed | P42: Escalated | Q42: North | R42: =IF(Table14[[#This Row],[Resolution_Time]]>Table14[[#This Row],[SLA_Target]],"No", "Yes") -> No | S42: =IF(Table14[[#This Row],[Calculated_SLA]]=Table14[[#This Row],[SLA_Met]],"Match","Mismatch") -> Match | T42: =IF(Table14[[#This Row],[Calculated_SLA]]="Yes",1,0) -> 0 | U42: =IF(COUNTIFS(Reference_data!A:A,Table14[[#This Row],[Category]],Reference_data!B:B,Table14[[#This Row],[Subcategory]])>0,"Valid","Invalid") -> Valid
A43: TKT000042 | B43: Amazon Ltd | C43: 2026-03-21 08:21:00 | D43: 2026-03-21 20:21:00 | E43: Print Quality | F43: Defective Prints | G43: Medium | H43: Mary | I43: Remote Support | J43: 12.3 | K43: 8 | L43: No | M43: 1 | N43: Yes | O43: Closed | P43: Escalated | Q43: West | R43: =IF(Table14[[#This Row],[Resolution_Time]]>Table14[[#This Row],[SLA_Target]],"No", "Yes") -> No | S43: =IF(Table14[[#This Row],[Calculated_SLA]]=Table14[[#This Row],[SLA_Met]],"Match","Mismatch") -> Match | T43: =IF(Table14[[#This Row],[Calculated_SLA]]="Yes",1,0) -> 0 | U43: =IF(COUNTIFS(Reference_data!A:A,Table14[[#This Row],[Category]],Reference_data!B:B,Table14[[#This Row],[Subcategory]])>0,"Valid","Invalid") -> Valid
A44: TKT000043 | B44: Reliance Ltd | C44: 2026-01-17 09:17:00 | D44: 2026-01-17 19:17:00 | E44: Connectivity & Software | F44: Scan-to-Email | G44: Medium | H44: Tony | I44: Network Team | J44: 10.7 | K44: 8 | L44: No | M44: 1 | N44: No | O44: Closed | P44: Escalated | Q44: West | R44: =IF(Table14[[#This Row],[Resolution_Time]]>Table14[[#This Row],[SLA_Target]],"No", "Yes") -> No | S44: =IF(Table14[[#This Row],[Calculated_SLA]]=Table14[[#This Row],[SLA_Met]],"Match","Mismatch") -> Match | T44: =IF(Table14[[#This Row],[Calculated_SLA]]="Yes",1,0) -> 0 | U44: =IF(COUNTIFS(Reference_data!A:A,Table14[[#This Row],[Category]],Reference_data!B:B,Table14[[#This Row],[Subcategory]])>0,"Valid","Invalid") -> Valid
A45: TKT000044 | B45: Reliance Ltd | C45: 2026-01-12 11:12:00 | D45: 2026-01-12 16:12:00 | E45: Print Quality | F45: Finishing Errors | G45: Medium | H45: Tony | I45: Field Support | J45: 4.9 | K45: 8 | L45: Yes | M45: 4 | N45: No | O45: Closed | P45: Fixed | Q45: East | R45: =IF(Table14[[#This Row],[Resolution_Time]]>Table14[[#This Row],[SLA_Target]],"No", "Yes") -> Yes | S45: =IF(Table14[[#This Row],[Calculated_SLA]]=Table14[[#This Row],[SLA_Met]],"Match","Mismatch") -> Match | T45: =IF(Table14[[#This Row],[Calculated_SLA]]="Yes",1,0) -> 1 | U45: =IF(COUNTIFS(Reference_data!A:A,Table14[[#This Row],[Category]],Reference_data!B:B,Table14[[#This Row],[Subcategory]])>0,"Valid","Invalid") -> Valid
A46: TKT000045 | B46: United Overseas Bank | C46: 2026-03-05 17:05:00 | D46: 2026-03-06 14:06:00 | E46: Hardware & Mechanical | F46: Device Errors | G46: Medium | H46: Tina | I46: Hardware Team | J46: 21.1 | K46: 8 | L46: No | M46: 3 | N46: Yes | O46: Closed | P46: Temporary Workaround | Q46: South | R46: =IF(Table14[[#This Row],[Resolution_Time]]>Table14[[#This Row],[SLA_Target]],"No", "Yes") -> No | S46: =IF(Table14[[#This Row],[Calculated_SLA]]=Table14[[#This Row],[SLA_Met]],"Match","Mismatch") -> Match | T46: =IF(Table14[[#This Row],[Calculated_SLA]]="Yes",1,0) -> 0 | U46: =IF(COUNTIFS(Reference_data!A:A,Table14[[#This Row],[Category]],Reference_data!B:B,Table14[[#This Row],[Subcategory]])>0,"Valid","Invalid") -> Valid
A47: TKT000046 | B47: HDFC Bank Ltd | C47: 2026-03-30 13:30:00 | D47: 2026-03-31 11:31:00 | E47: Hardware & Mechanical | F47: Paper Jam | G47: Low | H47: Judy | I47: Hardware Team | J47: 21.9 | K47: 24 | L47: Yes | M47: 4 | N47: No | O47: Closed | P47: Fixed | Q47: West | R47: =IF(Table14[[#This Row],[Resolution_Time]]>Table14[[#This Row],[SLA_Target]],"No", "Yes") -> Yes | S47: =IF(Table14[[#This Row],[Calculated_SLA]]=Table14[[#This Row],[SLA_Met]],"Match","Mismatch") -> Match | T47: =IF(Table14[[#This Row],[Calculated_SLA]]="Yes",1,0) -> 1 | U47: =IF(COUNTIFS(Reference_data!A:A,Table14[[#This Row],[Category]],Reference_data!B:B,Table14[[#This Row],[Subcategory]])>0,"Valid","Invalid") -> Valid
A48: TKT000047 | B48: ICICI Bank Ltd | C48: 2026-02-20 14:20:00 | D48: 2026-02-20 20:20:00 | E48: Supplies & Logistics | F48: Paper Supply | G48: Medium | H48: Tony | I48: Logistics Team | J48: 5.9 | K48: 8 | L48: Yes | M48: 4 | N48: No | O48: Closed | P48: Fixed | Q48: East | R48: =IF(Table14[[#This Row],[Resolution_Time]]>Table14[[#This Row],[SLA_Target]],"No", "Yes") -> Yes | S48: =IF(Table14[[#This Row],[Calculated_SLA]]=Table14[[#This Row],[SLA_Met]],"Match","Mismatch") -> Match | T48: =IF(Table14[[#This Row],[Calculated_SLA]]="Yes",1,0) -> 1 | U48: =IF(COUNTIFS(Reference_data!A:A,Table14[[#This Row],[Category]],Reference_data!B:B,Table14[[#This Row],[Subcategory]])>0,"Valid","Invalid") -> Valid
A49: TKT000048 | B49: HDFC Bank Ltd | C49: 2026-03-02 10:02:00 | D49: 2026-03-02 20:02:00 | E49: Hardware & Mechanical | F49: Device Errors | G49: Low | H49: Jack | I49: Hardware Team | J49: 10.4 | K49: 24 | L49: Yes | M49: 4 | N49: No | O49: Closed | P49: Fixed | Q49: South | R49: =IF(Table14[[#This Row],[Resolution_Time]]>Table14[[#This Row],[SLA_Target]],"No", "Yes") -> Yes | S49: =IF(Table14[[#This Row],[Calculated_SLA]]=Table14[[#This Row],[SLA_Met]],"Match","Mismatch") -> Match | T49: =IF(Table14[[#This Row],[Calculated_SLA]]="Yes",1,0) -> 1 | U49: =IF(COUNTIFS(Reference_data!A:A,Table14[[#This Row],[Category]],Reference_data!B:B,Table14[[#This Row],[Subcategory]])>0,"Valid","Invalid") -> Valid
A50: TKT000049 | B50: Bharti Airtel Ltd | C50: 2026-03-27 11:27:00 | D50: 2026-03-27 20:27:00 | E50: Connectivity & Software | F50: Scan-to-Email | G50: High | H50: Tina | I50: Network Team | J50: 8.9 | K50: 4 | L50: No | M50: 2 | N50: No | O50: Closed | P50: Escalated | Q50: East | R50: =IF(Table14[[#This Row],[Resolution_Time]]>Table14[[#This Row],[SLA_Target]],"No", "Yes") -> No | S50: =IF(Table14[[#This Row],[Calculated_SLA]]=Table14[[#This Row],[SLA_Met]],"Match","Mismatch") -> Match | T50: =IF(Table14[[#This Row],[Calculated_SLA]]="Yes",1,0) -> 0 | U50: =IF(COUNTIFS(Reference_data!A:A,Table14[[#This Row],[Category]],Reference_data!B:B,Table14[[#This Row],[Subcategory]])>0,"Valid","Invalid") -> Valid
A51: TKT000050 | B51: Bharti Airtel Ltd | C51: 2026-01-19 16:19:00 | D51: 2026-01-20 05:20:00 | E51: Print Quality | F51: Color Calibration | G51: Medium | H51: James | I51: Remote Support | J51: 12.6 | K51: 8 | L51: No | M51: 3 | N51: Yes | O51: Closed | P51: Temporary Workaround | Q51: South | R51: =IF(Table14[[#This Row],[Resolution_Time]]>Table14[[#This Row],[SLA_Target]],"No", "Yes") -> No | S51: =IF(Table14[[#This Row],[Calculated_SLA]]=Table14[[#This Row],[SLA_Met]],"Match","Mismatch") -> Match | T51: =IF(Table14[[#This Row],[Calculated_SLA]]="Yes",1,0) -> 0 | U51: =IF(COUNTIFS(Reference_data!A:A,Table14[[#This Row],[Category]],Reference_data!B:B,Table14[[#This Row],[Subcategory]])>0,"Valid","Invalid") -> Valid
... A76: TKT000075 | B76: Reliance Ltd | C76: 2026-03-21 13:21:00 | D76: 2026-03-21 22:21:00 | E76: Connectivity & Software | F76: Scan-to-Email | G76: High | H76: Era | I76: Network Team | J76: 8.7 | K76: 4 | L76: No | M76: 2 | N76: No | O76: Closed | P76: Escalated | Q76: West | R76: =IF(Table14[[#This Row],[Resolution_Time]]>Table14[[#This Row],[SLA_Target]],"No", "Yes") -> No | S76: =IF(Table14[[#This Row],[Calculated_SLA]]=Table14[[#This Row],[SLA_Met]],"Match","Mismatch") -> Match | T76: =IF(Table14[[#This Row],[Calculated_SLA]]="Yes",1,0) -> 0 | U76: =IF(COUNTIFS(Reference_data!A:A,Table14[[#This Row],[Category]],Reference_data!B:B,Table14[[#This Row],[Subcategory]])>0,"Valid","Invalid") -> Valid
A77: TKT000076 | B77: Tata Consultancy Services Ltd | C77: 2026-01-18 14:18:00 | D77: 2026-01-18 21:18:00 | E77: Connectivity & Software | F77: Network Dropouts | G77: Medium | H77: Emma | I77: Network Team | J77: 7.1 | K77: 8 | L77: Yes | M77: \N | N77: No | O77: Closed | P77: Fixed | Q77: East | R77: =IF(Table14[[#This Row],[Resolution_Time]]>Table14[[#This Row],[SLA_Target]],"No", "Yes") -> Yes | S77: =IF(Table14[[#This Row],[Calculated_SLA]]=Table14[[#This Row],[SLA_Met]],"Match","Mismatch") -> Match | T77: =IF(Table14[[#This Row],[Calculated_SLA]]="Yes",1,0) -> 1 | U77: =IF(COUNTIFS(Reference_data!A:A,Table14[[#This Row],[Category]],Reference_data!B:B,Table14[[#This Row],[Subcategory]])>0,"Valid","Invalid") -> Valid
A78: TKT000077 | B78: Tata Consultancy Services Ltd | C78: 2026-02-22 15:22:00 | D78: 2026-02-23 00:23:00 | E78: Connectivity & Software | F78: Driver & Setup | G78: Medium | H78: Jack | I78: Network Team | J78: 8.5 | K78: 8 | L78: No | M78: 2 | N78: Yes | O78: Closed | P78: Temporary Workaround | Q78: West | R78: =IF(Table14[[#This Row],[Resolution_Time]]>Table14[[#This Row],[SLA_Target]],"No", "Yes") -> No | S78: =IF(Table14[[#This Row],[Calculated_SLA]]=Table14[[#This Row],[SLA_Met]],"Match","Mismatch") -> Match | T78: =IF(Table14[[#This Row],[Calculated_SLA]]="Yes",1,0) -> 0 | U78: =IF(COUNTIFS(Reference_data!A:A,Table14[[#This Row],[Category]],Reference_data!B:B,Table14[[#This Row],[Subcategory]])>0,"Valid","Invalid") -> Valid
A79: TKT000078 | B79: Tata Consultancy Services Ltd | C79: 2026-01-23 08:23:00 | D79: 2026-01-23 21:23:00 | E79: Connectivity & Software | F79: Scan-to-Email | G79: Low | H79: Tony | I79: Network Team | J79: 12.4 | K79: 24 | L79: Yes | M79: 5 | N79: No | O79: Closed | P79: Fixed | Q79: East | R79: =IF(Table14[[#This Row],[Resolution_Time]]>Table14[[#This Row],[SLA_Target]],"No", "Yes") -> Yes | S79: =IF(Table14[[#This Row],[Calculated_SLA]]=Table14[[#This Row],[SLA_Met]],"Match","Mismatch") -> Match | T79: =IF(Table14[[#This Row],[Calculated_SLA]]="Yes",1,0) -> 1 | U79: =IF(COUNTIFS(Reference_data!A:A,Table14[[#This Row],[Category]],Reference_data!B:B,Table14[[#This Row],[Subcategory]])>0,"Valid","Invalid") -> Valid
A80: TKT000079 | B80: HDFC Bank Ltd | C80: 2026-03-18 17:18:00 | D80: 2026-03-19 09:19:00 | E80: Hardware & Mechanical | F80: Parts Wear | G80: Low | H80: Mary | I80: Field Support | J80: 15.3 | K80: 24 | L80: Yes | M80: 5 | N80: No | O80: Closed | P80: Fixed | Q80: North | R80: =IF(Table14[[#This Row],[Resolution_Time]]>Table14[[#This Row],[SLA_Target]],"No", "Yes") -> Yes | S80: =IF(Table14[[#This Row],[Calculated_SLA]]=Table14[[#This Row],[SLA_Met]],"Match","Mismatch") -> Match | T80: =IF(Table14[[#This Row],[Calculated_SLA]]="Yes",1,0) -> 1 | U80: =IF(COUNTIFS(Reference_data!A:A,Table14[[#This Row],[Category]],Reference_data!B:B,Table14[[#This Row],[Subcategory]])>0,"Valid","Invalid") -> Valid
A81: TKT000080 | B81: Amazon Ltd | C81: 2026-01-03 17:03:00 | D81: 2026-01-03 23:03:00 | E81: Connectivity & Software | F81: Scan-to-Email | G81: Medium | H81: Emma | I81: Network Team | J81: 6.5 | K81: 8 | L81: Yes | M81: 5 | N81: No | O81: Closed | P81: Fixed | Q81: West | R81: =IF(Table14[[#This Row],[Resolution_Time]]>Table14[[#This Row],[SLA_Target]],"No", "Yes") -> Yes | S81: =IF(Table14[[#This Row],[Calculated_SLA]]=Table14[[#This Row],[SLA_Met]],"Match","Mismatch") -> Match | T81: =IF(Table14[[#This Row],[Calculated_SLA]]="Yes",1,0) -> 1 | U81: =IF(COUNTIFS(Reference_data!A:A,Table14[[#This Row],[Category]],Reference_data!B:B,Table14[[#This Row],[Subcategory]])>0,"Valid","Invalid") -> Valid
A82: TKT000081 | B82: Bharti Airtel Ltd | C82: 2026-02-11 08:11:00 | D82: 2026-02-11 13:11:00 | E82: Contract & Billing | F82: Lease Terms | G82: Medium | H82: Michael | I82: Billing Team | J82: 5.2 | K82: 8 | L82: Yes | M82: 4 | N82: No | O82: Closed | P82: Fixed | Q82: North | R82: =IF(Table14[[#This Row],[Resolution_Time]]>Table14[[#This Row],[SLA_Target]],"No", "Yes") -> Yes | S82: =IF(Table14[[#This Row],[Calculated_SLA]]=Table14[[#This Row],[SLA_Met]],"Match","Mismatch") -> Match | T82: =IF(Table14[[#This Row],[Calculated_SLA]]="Yes",1,0) -> 1 | U82: =IF(COUNTIFS(Reference_data!A:A,Table14[[#This Row],[Category]],Reference_data!B:B,Table14[[#This Row],[Subcategory]])>0,"Valid","Invalid") -> Valid
A83: TKT000082 | B83: Bajaj Finance Ltd | C83: 2026-03-25 09:25:00 | D83: 2026-03-25 17:25:00 | E83: Supplies & Logistics | F83: Toner Replenishment | G83: Low | H83: Tina | I83: Logistics Team | J83: 8.3 | K83: 24 | L83: Yes | M83: 4 | N83: No | O83: Closed | P83: Fixed | Q83: East | R83: =IF(Table14[[#This Row],[Resolution_Time]]>Table14[[#This Row],[SLA_Target]],"No", "Yes") -> Yes | S83: =IF(Table14[[#This Row],[Calculated_SLA]]=Table14[[#This Row],[SLA_Met]],"Match","Mismatch") -> Match | T83: =IF(Table14[[#This Row],[Calculated_SLA]]="Yes",1,0) -> 1 | U83: =IF(COUNTIFS(Reference_data!A:A,Table14[[#This Row],[Category]],Reference_data!B:B,Table14[[#This Row],[Subcategory]])>0,"Valid","Invalid") -> Valid
A84: TKT000083 | B84: United Overseas Bank | C84: 2026-03-24 12:24:00 | D84: 2026-03-24 17:24:00 | E84: Connectivity & Software | F84: Network Dropouts | G84: Medium | H84: Sarah | I84: Network Team | J84: 5.3 | K84: 8 | L84: Yes | M84: 4 | N84: No | O84: Closed | P84: Fixed | Q84: West | R84: =IF(Table14[[#This Row],[Resolution_Time]]>Table14[[#This Row],[SLA_Target]],"No", "Yes") -> Yes | S84: =IF(Table14[[#This Row],[Calculated_SLA]]=Table14[[#This Row],[SLA_Met]],"Match","Mismatch") -> Match | T84: =IF(Table14[[#This Row],[Calculated_SLA]]="Yes",1,0) -> 1 | U84: =IF(COUNTIFS(Reference_data!A:A,Table14[[#This Row],[Category]],Reference_data!B:B,Table14[[#This Row],[Subcategory]])>0,"Valid","Invalid") -> Valid
A85: TKT000084 | B85: ICICI Bank Ltd | C85: 2026-03-03 11:03:00 | D85: 2026-03-03 23:03:00 | E85: Hardware & Mechanical | F85: Device Errors | G85: Medium | H85: Mary | I85: Hardware Team | J85: 12.1 | K85: 8 | L85: No | M85: 3 | N85: Yes | O85: Closed | P85: Temporary Workaround | Q85: East | R85: =IF(Table14[[#This Row],[Resolution_Time]]>Table14[[#This Row],[SLA_Target]],"No", "Yes") -> No | S85: =IF(Table14[[#This Row],[Calculated_SLA]]=Table14[[#This Row],[SLA_Met]],"Match","Mismatch") -> Match | T85: =IF(Table14[[#This Row],[Calculated_SLA]]="Yes",1,0) -> 0 | U85: =IF(COUNTIFS(Reference_data!A:A,Table14[[#This Row],[Category]],Reference_data!B:B,Table14[[#This Row],[Subcategory]])>0,"Valid","Invalid") -> Valid
A86: TKT000085 | B86: Hindustan Unilever Ltd | C86: 2026-03-21 17:21:00 | D86: 2026-03-22 01:22:00 | E86: Connectivity & Software | F86: Driver & Setup | G86: Medium | H86: Emma | I86: Network Team | J86: 7.6 | K86: 8 | L86: Yes | M86: 5 | N86: No | O86: Closed | P86: Fixed | Q86: South | R86: =IF(Table14[[#This Row],[Resolution_Time]]>Table14[[#This Row],[SLA_Target]],"No", "Yes") -> Yes | S86: =IF(Table14[[#This Row],[Calculated_SLA]]=Table14[[#This Row],[SLA_Met]],"Match","Mismatch") -> Match | T86: =IF(Table14[[#This Row],[Calculated_SLA]]="Yes",1,0) -> 1 | U86: =IF(COUNTIFS(Reference_data!A:A,Table14[[#This Row],[Category]],Reference_data!B:B,Table14[[#This Row],[Subcategory]])>0,"Valid","Invalid") -> Valid
A87: TKT000086 | B87: LIC Corp Ltd | C87: 2026-03-01 08:01:00 | D87: 2026-03-01 20:01:00 | E87: Print Quality | F87: Color Calibration | G87: Low | H87: Tina | I87: Remote Support | J87: 11.6 | K87: 24 | L87: Yes | M87: 4 | N87: No | O87: Closed | P87: Fixed | Q87: North | R87: =IF(Table14[[#This Row],[Resolution_Time]]>Table14[[#This Row],[SLA_Target]],"No", "Yes") -> Yes | S87: =IF(Table14[[#This Row],[Calculated_SLA]]=Table14[[#This Row],[SLA_Met]],"Match","Mismatch") -> Match | T87: =IF(Table14[[#This Row],[Calculated_SLA]]="Yes",1,0) -> 1 | U87: =IF(COUNTIFS(Reference_data!A:A,Table14[[#This Row],[Category]],Reference_data!B:B,Table14[[#This Row],[Subcategory]])>0,"Valid","Invalid") -> Valid
A88: TKT000087 | B88: HDFC Bank Ltd | C88: 2026-03-17 08:17:00 | D88: 2026-03-17 18:17:00 | E88: Supplies & Logistics | F88: Toner Replenishment | G88: Medium | H88: Michael | I88: Logistics Team | J88: 9.7 | K88: 8 | L88: No | M88: 3 | N88: Yes | O88: Closed | P88: Temporary Workaround | Q88: East | R88: =IF(Table14[[#This Row],[Resolution_Time]]>Table14[[#This Row],[SLA_Target]],"No", "Yes") -> No | S88: =IF(Table14[[#This Row],[Calculated_SLA]]=Table14[[#This Row],[SLA_Met]],"Match","Mismatch") -> Match | T88: =IF(Table14[[#This Row],[Calculated_SLA]]="Yes",1,0) -> 0 | U88: =IF(COUNTIFS(Reference_data!A:A,Table14[[#This Row],[Category]],Reference_data!B:B,Table14[[#This Row],[Subcategory]])>0,"Valid","Invalid") -> Valid
A89: TKT000088 | B89: HDFC Bank Ltd | C89: 2026-02-28 11:28:00 | D89: 2026-03-01 00:01:00 | E89: Connectivity & Software | F89: Driver & Setup | G89: High | H89: Tony | I89: Network Team | J89: 12.4 | K89: 4 | L89: No | M89: 3 | N89: Yes | O89: Closed | P89: Escalated | Q89: East | R89: =IF(Table14[[#This Row],[Resolution_Time]]>Table14[[#This Row],[SLA_Target]],"No", "Yes") -> No | S89: =IF(Table14[[#This Row],[Calculated_SLA]]=Table14[[#This Row],[SLA_Met]],"Match","Mismatch") -> Match | T89: =IF(Table14[[#This Row],[Calculated_SLA]]="Yes",1,0) -> 0 | U89: =IF(COUNTIFS(Reference_data!A:A,Table14[[#This Row],[Category]],Reference_data!B:B,Table14[[#This Row],[Subcategory]])>0,"Valid","Invalid") -> Valid
... A189: TKT000188 | B189: Tata Consultancy Services Ltd | C189: 2026-03-21 12:21:00 | D189: 2026-03-22 07:22:00 | E189: Hardware & Mechanical | F189: Device Errors | G189: High | H189: Tony | I189: Hardware Team | J189: 19.1 | K189: 4 | L189: No | M189: 3 | N189: No | O189: Closed | P189: Temporary Workaround | Q189: East | R189: =IF(Table14[[#This Row],[Resolution_Time]]>Table14[[#This Row],[SLA_Target]],"No", "Yes") -> No | S189: =IF(Table14[[#This Row],[Calculated_SLA]]=Table14[[#This Row],[SLA_Met]],"Match","Mismatch") -> Match | T189: =IF(Table14[[#This Row],[Calculated_SLA]]="Yes",1,0) -> 0 | U189: =IF(COUNTIFS(Reference_data!A:A,Table14[[#This Row],[Category]],Reference_data!B:B,Table14[[#This Row],[Subcategory]])>0,"Valid","Invalid") -> Valid
A190: TKT000189 | B190: HDFC Bank Ltd | C190: 2026-03-09 13:09:00 | D190: 2026-03-10 04:10:00 | E190: Hardware & Mechanical | F190: Parts Wear | G190: High | H190: Emma | I190: Field Support | J190: 15.5 | K190: 4 | L190: No | M190: \N | N190: No | O190: Closed | P190: Escalated | Q190: East | R190: =IF(Table14[[#This Row],[Resolution_Time]]>Table14[[#This Row],[SLA_Target]],"No", "Yes") -> No | S190: =IF(Table14[[#This Row],[Calculated_SLA]]=Table14[[#This Row],[SLA_Met]],"Match","Mismatch") -> Match | T190: =IF(Table14[[#This Row],[Calculated_SLA]]="Yes",1,0) -> 0 | U190: =IF(COUNTIFS(Reference_data!A:A,Table14[[#This Row],[Category]],Reference_data!B:B,Table14[[#This Row],[Subcategory]])>0,"Valid","Invalid") -> Valid
A191: TKT000190 | B191: Amazon Ltd | C191: 2026-03-03 10:03:00 | D191: 2026-03-03 23:03:00 | E191: Supplies & Logistics | F191: Paper Supply | G191: Medium | H191: Michael | I191: Logistics Team | J191: 13 | K191: 8 | L191: No | M191: 3 | N191: No | O191: Closed | P191: Temporary Workaround | Q191: West | R191: =IF(Table14[[#This Row],[Resolution_Time]]>Table14[[#This Row],[SLA_Target]],"No", "Yes") -> No | S191: =IF(Table14[[#This Row],[Calculated_SLA]]=Table14[[#This Row],[SLA_Met]],"Match","Mismatch") -> Match | T191: =IF(Table14[[#This Row],[Calculated_SLA]]="Yes",1,0) -> 0 | U191: =IF(COUNTIFS(Reference_data!A:A,Table14[[#This Row],[Category]],Reference_data!B:B,Table14[[#This Row],[Subcategory]])>0,"Valid","Invalid") -> Valid
A192: TKT000191 | B192: Reliance Ltd | C192: 2026-03-16 09:16:00 | D192: 2026-03-16 20:16:00 | E192: Connectivity & Software | F192: Scan-to-Email | G192: Medium | H192: Mary | I192: Network Team | J192: 11.3 | K192: 8 | L192: No | M192: 2 | N192: No | O192: Closed | P192: Temporary Workaround | Q192: North | R192: =IF(Table14[[#This Row],[Resolution_Time]]>Table14[[#This Row],[SLA_Target]],"No", "Yes") -> No | S192: =IF(Table14[[#This Row],[Calculated_SLA]]=Table14[[#This Row],[SLA_Met]],"Match","Mismatch") -> Match | T192: =IF(Table14[[#This Row],[Calculated_SLA]]="Yes",1,0) -> 0 | U192: =IF(COUNTIFS(Reference_data!A:A,Table14[[#This Row],[Category]],Reference_data!B:B,Table14[[#This Row],[Subcategory]])>0,"Valid","Invalid") -> Valid
A193: TKT000192 | B193: Bharti Airtel Ltd | C193: 2026-01-06 12:06:00 | D193: 2026-01-06 19:06:00 | E193: Connectivity & Software | F193: Network Dropouts | G193: High | H193: James | I193: Network Team | J193: 7.1 | K193: 4 | L193: No | M193: 3 | N193: No | O193: Closed | P193: Temporary Workaround | Q193: South | R193: =IF(Table14[[#This Row],[Resolution_Time]]>Table14[[#This Row],[SLA_Target]],"No", "Yes") -> No | S193: =IF(Table14[[#This Row],[Calculated_SLA]]=Table14[[#This Row],[SLA_Met]],"Match","Mismatch") -> Match | T193: =IF(Table14[[#This Row],[Calculated_SLA]]="Yes",1,0) -> 0 | U193: =IF(COUNTIFS(Reference_data!A:A,Table14[[#This Row],[Category]],Reference_data!B:B,Table14[[#This Row],[Subcategory]])>0,"Valid","Invalid") -> Valid
A194: TKT000193 | B194: Bajaj Finance Ltd | C194: 2026-02-12 17:12:00 | D194: 2026-02-13 01:13:00 | E194: Supplies & Logistics | F194: Toner Replenishment | G194: Low | H194: Mary | I194: Logistics Team | J194: 8.4 | K194: 24 | L194: Yes | M194: 5 | N194: No | O194: Closed | P194: Fixed | Q194: West | R194: =IF(Table14[[#This Row],[Resolution_Time]]>Table14[[#This Row],[SLA_Target]],"No", "Yes") -> Yes | S194: =IF(Table14[[#This Row],[Calculated_SLA]]=Table14[[#This Row],[SLA_Met]],"Match","Mismatch") -> Match | T194: =IF(Table14[[#This Row],[Calculated_SLA]]="Yes",1,0) -> 1 | U194: =IF(COUNTIFS(Reference_data!A:A,Table14[[#This Row],[Category]],Reference_data!B:B,Table14[[#This Row],[Subcategory]])>0,"Valid","Invalid") -> Valid
A195: TKT000194 | B195: HDFC Bank Ltd | C195: 2026-01-26 11:26:00 | D195: 2026-01-26 14:26:00 | E195: Supplies & Logistics | F195: Paper Supply | G195: Medium | H195: Emma | I195: Logistics Team | J195: 3.9 | K195: 8 | L195: Yes | M195: 4 | N195: No | O195: Closed | P195: Fixed | Q195: South | R195: =IF(Table14[[#This Row],[Resolution_Time]]>Table14[[#This Row],[SLA_Target]],"No", "Yes") -> Yes | S195: =IF(Table14[[#This Row],[Calculated_SLA]]=Table14[[#This Row],[SLA_Met]],"Match","Mismatch") -> Match | T195: =IF(Table14[[#This Row],[Calculated_SLA]]="Yes",1,0) -> 1 | U195: =IF(COUNTIFS(Reference_data!A:A,Table14[[#This Row],[Category]],Reference_data!B:B,Table14[[#This Row],[Subcategory]])>0,"Valid","Invalid") -> Valid
A196: TKT000195 | B196: Reliance Ltd | C196: 2026-02-24 15:24:00 | D196: 2026-02-25 01:25:00 | E196: Connectivity & Software | F196: Network Dropouts | G196: Low | H196: Sarah | I196: Network Team | J196: 9.7 | K196: 24 | L196: Yes | M196: 5 | N196: No | O196: Closed | P196: Fixed | Q196: South | R196: =IF(Table14[[#This Row],[Resolution_Time]]>Table14[[#This Row],[SLA_Target]],"No", "Yes") -> Yes | S196: =IF(Table14[[#This Row],[Calculated_SLA]]=Table14[[#This Row],[SLA_Met]],"Match","Mismatch") -> Match | T196: =IF(Table14[[#This Row],[Calculated_SLA]]="Yes",1,0) -> 1 | U196: =IF(COUNTIFS(Reference_data!A:A,Table14[[#This Row],[Category]],Reference_data!B:B,Table14[[#This Row],[Subcategory]])>0,"Valid","Invalid") -> Valid
A197: TKT000196 | B197: Reliance Ltd | C197: 2026-01-07 09:07:00 | D197: 2026-01-07 13:07:00 | E197: Supplies & Logistics | F197: Toner Replenishment | G197: Medium | H197: Tony | I197: Logistics Team | J197: 3.9 | K197: 8 | L197: Yes | M197: 5 | N197: No | O197: Closed | P197: Fixed | Q197: South | R197: =IF(Table14[[#This Row],[Resolution_Time]]>Table14[[#This Row],[SLA_Target]],"No", "Yes") -> Yes | S197: =IF(Table14[[#This Row],[Calculated_SLA]]=Table14[[#This Row],[SLA_Met]],"Match","Mismatch") -> Match | T197: =IF(Table14[[#This Row],[Calculated_SLA]]="Yes",1,0) -> 1 | U197: =IF(COUNTIFS(Reference_data!A:A,Table14[[#This Row],[Category]],Reference_data!B:B,Table14[[#This Row],[Subcategory]])>0,"Valid","Invalid") -> Valid
A198: TKT000197 | B198: ICICI Bank Ltd | C198: 2026-02-19 09:19:00 | D198: 2026-02-19 18:19:00 | E198: Connectivity & Software | F198: Network Dropouts | G198: Medium | H198: James | I198: Network Team | J198: 9 | K198: 8 | L198: No | M198: 2 | N198: No | O198: Closed | P198: Escalated | Q198: East | R198: =IF(Table14[[#This Row],[Resolution_Time]]>Table14[[#This Row],[SLA_Target]],"No", "Yes") -> No | S198: =IF(Table14[[#This Row],[Calculated_SLA]]=Table14[[#This Row],[SLA_Met]],"Match","Mismatch") -> Match | T198: =IF(Table14[[#This Row],[Calculated_SLA]]="Yes",1,0) -> 0 | U198: =IF(COUNTIFS(Reference_data!A:A,Table14[[#This Row],[Category]],Reference_data!B:B,Table14[[#This Row],[Subcategory]])>0,"Valid","Invalid") -> Valid
A199: TKT000198 | B199: LIC Corp Ltd | C199: 2026-02-15 08:15:00 | D199: 2026-02-15 20:15:00 | E199: Print Quality | F199: Defective Prints | G199: Medium | H199: Michael | I199: Remote Support | J199: 12.3 | K199: 8 | L199: No | M199: 2 | N199: No | O199: Closed | P199: Escalated | Q199: South | R199: =IF(Table14[[#This Row],[Resolution_Time]]>Table14[[#This Row],[SLA_Target]],"No", "Yes") -> No | S199: =IF(Table14[[#This Row],[Calculated_SLA]]=Table14[[#This Row],[SLA_Met]],"Match","Mismatch") -> Match | T199: =IF(Table14[[#This Row],[Calculated_SLA]]="Yes",1,0) -> 0 | U199: =IF(COUNTIFS(Reference_data!A:A,Table14[[#This Row],[Category]],Reference_data!B:B,Table14[[#This Row],[Subcategory]])>0,"Valid","Invalid") -> Valid
A200: TKT000199 | B200: Bharti Airtel Ltd | C200: 2026-03-25 13:25:00 | D200: 2026-03-25 16:25:00 | E200: Contract & Billing | F200: Lease Terms | G200: Medium | H200: Tina | I200: Billing Team | J200: 3.2 | K200: 8 | L200: Yes | M200: 4 | N200: No | O200: Closed | P200: Fixed | Q200: South | R200: =IF(Table14[[#This Row],[Resolution_Time]]>Table14[[#This Row],[SLA_Target]],"No", "Yes") -> Yes | S200: =IF(Table14[[#This Row],[Calculated_SLA]]=Table14[[#This Row],[SLA_Met]],"Match","Mismatch") -> Match | T200: =IF(Table14[[#This Row],[Calculated_SLA]]="Yes",1,0) -> 1 | U200: =IF(COUNTIFS(Reference_data!A:A,Table14[[#This Row],[Category]],Reference_data!B:B,Table14[[#This Row],[Subcategory]])>0,"Valid","Invalid") -> Valid
A201: TKT000200 | B201: Bajaj Finance Ltd | C201: 2026-02-23 17:23:00 | D201: 2026-02-24 05:24:00 | E201: Hardware & Mechanical | F201: Parts Wear | G201: Medium | H201: Emma | I201: Field Support | J201: 12.3 | K201: 8 | L201: No | M201: 3 | N201: Yes | O201: Closed | P201: Temporary Workaround | Q201: West | R201: =IF(Table14[[#This Row],[Resolution_Time]]>Table14[[#This Row],[SLA_Target]],"No", "Yes") -> No | S201: =IF(Table14[[#This Row],[Calculated_SLA]]=Table14[[#This Row],[SLA_Met]],"Match","Mismatch") -> Match | T201: =IF(Table14[[#This Row],[Calculated_SLA]]="Yes",1,0) -> 0 | U201: =IF(COUNTIFS(Reference_data!A:A,Table14[[#This Row],[Category]],Reference_data!B:B,Table14[[#This Row],[Subcategory]])>0,"Valid","Invalid") -> Valid
A202: TKT000201 | B202: Hindustan Unilever Ltd | C202: 2026-02-21 08:21:00 | D202: 2026-02-21 12:21:00 | E202: Print Quality | F202: Finishing Errors | G202: Medium | H202: Emma | I202: Field Support | J202: 4.3 | K202: 8 | L202: Yes | M202: 4 | N202: No | O202: Closed | P202: Fixed | Q202: South | R202: =IF(Table14[[#This Row],[Resolution_Time]]>Table14[[#This Row],[SLA_Target]],"No", "Yes") -> Yes | S202: =IF(Table14[[#This Row],[Calculated_SLA]]=Table14[[#This Row],[SLA_Met]],"Match","Mismatch") -> Match | T202: =IF(Table14[[#This Row],[Calculated_SLA]]="Yes",1,0) -> 1 | U202: =IF(COUNTIFS(Reference_data!A:A,Table14[[#This Row],[Category]],Reference_data!B:B,Table14[[#This Row],[Subcategory]])>0,"Valid","Invalid") -> Valid
... A222: TKT000221 | B222: ICICI Bank Ltd | C222: 2026-02-14 14:14:00 | D222: 2026-02-14 17:14:00 | E222: Contract & Billing | F222: Relocation Requests | G222: Medium | H222: Sarah | I222: Billing Team | J222: 2.5 | K222: 8 | L222: Yes | M222: 4 | N222: No | O222: Closed | P222: Fixed | Q222: South | R222: =IF(Table14[[#This Row],[Resolution_Time]]>Table14[[#This Row],[SLA_Target]],"No", "Yes") -> Yes | S222: =IF(Table14[[#This Row],[Calculated_SLA]]=Table14[[#This Row],[SLA_Met]],"Match","Mismatch") -> Match | T222: =IF(Table14[[#This Row],[Calculated_SLA]]="Yes",1,0) -> 1 | U222: =IF(COUNTIFS(Reference_data!A:A,Table14[[#This Row],[Category]],Reference_data!B:B,Table14[[#This Row],[Subcategory]])>0,"Valid","Invalid") -> Valid
A223: TKT000222 | B223: Reliance Ltd | C223: 2026-03-16 14:16:00 | D223: 2026-03-17 02:17:00 | E223: Connectivity & Software | F223: Driver & Setup | G223: Low | H223: James | I223: Network Team | J223: 11.2 | K223: 24 | L223: Yes | M223: \N | N223: No | O223: Closed | P223: Fixed | Q223: West | R223: =IF(Table14[[#This Row],[Resolution_Time]]>Table14[[#This Row],[SLA_Target]],"No", "Yes") -> Yes | S223: =IF(Table14[[#This Row],[Calculated_SLA]]=Table14[[#This Row],[SLA_Met]],"Match","Mismatch") -> Match | T223: =IF(Table14[[#This Row],[Calculated_SLA]]="Yes",1,0) -> 1 | U223: =IF(COUNTIFS(Reference_data!A:A,Table14[[#This Row],[Category]],Reference_data!B:B,Table14[[#This Row],[Subcategory]])>0,"Valid","Invalid") -> Valid
A224: TKT000223 | B224: Reliance Ltd | C224: 2026-02-05 10:05:00 | D224: 2026-02-05 15:05:00 | E224: Supplies & Logistics | F224: Paper Supply | G224: Medium | H224: James | I224: Logistics Team | J224: 4.8 | K224: 8 | L224: Yes | M224: 4 | N224: No | O224: Closed | P224: Fixed | Q224: North | R224: =IF(Table14[[#This Row],[Resolution_Time]]>Table14[[#This Row],[SLA_Target]],"No", "Yes") -> Yes | S224: =IF(Table14[[#This Row],[Calculated_SLA]]=Table14[[#This Row],[SLA_Met]],"Match","Mismatch") -> Match | T224: =IF(Table14[[#This Row],[Calculated_SLA]]="Yes",1,0) -> 1 | U224: =IF(COUNTIFS(Reference_data!A:A,Table14[[#This Row],[Category]],Reference_data!B:B,Table14[[#This Row],[Subcategory]])>0,"Valid","Invalid") -> Valid
A225: TKT000224 | B225: HDFC Bank Ltd | C225: 2026-01-24 08:24:00 | D225: 2026-01-24 16:24:00 | E225: Supplies & Logistics | F225: Toner Replenishment | G225: Medium | H225: Michael | I225: Logistics Team | J225: 7.9 | K225: 8 | L225: Yes | M225: 4 | N225: No | O225: Closed | P225: Fixed | Q225: North | R225: =IF(Table14[[#This Row],[Resolution_Time]]>Table14[[#This Row],[SLA_Target]],"No", "Yes") -> Yes | S225: =IF(Table14[[#This Row],[Calculated_SLA]]=Table14[[#This Row],[SLA_Met]],"Match","Mismatch") -> Match | T225: =IF(Table14[[#This Row],[Calculated_SLA]]="Yes",1,0) -> 1 | U225: =IF(COUNTIFS(Reference_data!A:A,Table14[[#This Row],[Category]],Reference_data!B:B,Table14[[#This Row],[Subcategory]])>0,"Valid","Invalid") -> Valid
A226: TKT000225 | B226: United Overseas Bank | C226: 2026-03-12 15:12:00 | D226: 2026-03-13 00:13:00 | E226: Connectivity & Software | F226: Network Dropouts | G226: Medium | H226: Jack | I226: Network Team | J226: 9.2 | K226: 8 | L226: No | M226: 2 | N226: No | O226: Closed | P226: Temporary Workaround | Q226: West | R226: =IF(Table14[[#This Row],[Resolution_Time]]>Table14[[#This Row],[SLA_Target]],"No", "Yes") -> No | S226: =IF(Table14[[#This Row],[Calculated_SLA]]=Table14[[#This Row],[SLA_Met]],"Match","Mismatch") -> Match | T226: =IF(Table14[[#This Row],[Calculated_SLA]]="Yes",1,0) -> 0 | U226: =IF(COUNTIFS(Reference_data!A:A,Table14[[#This Row],[Category]],Reference_data!B:B,Table14[[#This Row],[Subcategory]])>0,"Valid","Invalid") -> Valid
A227: TKT000226 | B227: United Overseas Bank | C227: 2026-03-05 13:05:00 | D227: 2026-03-05 18:05:00 | E227: Supplies & Logistics | F227: Paper Supply | G227: High | H227: Judy | I227: Logistics Team | J227: 5.2 | K227: 4 | L227: No | M227: 2 | N227: No | O227: Closed | P227: Temporary Workaround | Q227: North | R227: =IF(Table14[[#This Row],[Resolution_Time]]>Table14[[#This Row],[SLA_Target]],"No", "Yes") -> No | S227: =IF(Table14[[#This Row],[Calculated_SLA]]=Table14[[#This Row],[SLA_Met]],"Match","Mismatch") -> Match | T227: =IF(Table14[[#This Row],[Calculated_SLA]]="Yes",1,0) -> 0 | U227: =IF(COUNTIFS(Reference_data!A:A,Table14[[#This Row],[Category]],Reference_data!B:B,Table14[[#This Row],[Subcategory]])>0,"Valid","Invalid") -> Valid
A228: TKT000227 | B228: ICICI Bank Ltd | C228: 2026-03-22 14:22:00 | D228: 2026-03-22 16:22:00 | E228: Contract & Billing | F228: Relocation Requests | G228: Medium | H228: Jack | I228: Billing Team | J228: 1.9 | K228: 8 | L228: Yes | M228: 5 | N228: No | O228: Closed | P228: Fixed | Q228: South | R228: =IF(Table14[[#This Row],[Resolution_Time]]>Table14[[#This Row],[SLA_Target]],"No", "Yes") -> Yes | S228: =IF(Table14[[#This Row],[Calculated_SLA]]=Table14[[#This Row],[SLA_Met]],"Match","Mismatch") -> Match | T228: =IF(Table14[[#This Row],[Calculated_SLA]]="Yes",1,0) -> 1 | U228: =IF(COUNTIFS(Reference_data!A:A,Table14[[#This Row],[Category]],Reference_data!B:B,Table14[[#This Row],[Subcategory]])>0,"Valid","Invalid") -> Valid
A229: TKT000228 | B229: Reliance Ltd | C229: 2026-03-17 13:17:00 | D229: 2026-03-18 04:18:00 | E229: Hardware & Mechanical | F229: Parts Wear | G229: Medium | H229: Michael | I229: Field Support | J229: 14.5 | K229: 8 | L229: No | M229: 3 | N229: No | O229: Closed | P229: Escalated | Q229: North | R229: =IF(Table14[[#This Row],[Resolution_Time]]>Table14[[#This Row],[SLA_Target]],"No", "Yes") -> No | S229: =IF(Table14[[#This Row],[Calculated_SLA]]=Table14[[#This Row],[SLA_Met]],"Match","Mismatch") -> Match | T229: =IF(Table14[[#This Row],[Calculated_SLA]]="Yes",1,0) -> 0 | U229: =IF(COUNTIFS(Reference_data!A:A,Table14[[#This Row],[Category]],Reference_data!B:B,Table14[[#This Row],[Subcategory]])>0,"Valid","Invalid") -> Valid
A230: TKT000229 | B230: Bajaj Finance Ltd | C230: 2026-01-25 11:25:00 | D230: 2026-01-25 18:25:00 | E230: Print Quality | F230: Color Calibration | G230: Low | H230: Emma | I230: Remote Support | J230: 7.4 | K230: 24 | L230: Yes | M230: 4 | N230: No | O230: Closed | P230: Fixed | Q230: East | R230: =IF(Table14[[#This Row],[Resolution_Time]]>Table14[[#This Row],[SLA_Target]],"No", "Yes") -> Yes | S230: =IF(Table14[[#This Row],[Calculated_SLA]]=Table14[[#This Row],[SLA_Met]],"Match","Mismatch") -> Match | T230: =IF(Table14[[#This Row],[Calculated_SLA]]="Yes",1,0) -> 1 | U230: =IF(COUNTIFS(Reference_data!A:A,Table14[[#This Row],[Category]],Reference_data!B:B,Table14[[#This Row],[Subcategory]])>0,"Valid","Invalid") -> Valid
A231: TKT000230 | B231: Amazon Ltd | C231: 2026-03-20 10:20:00 | D231: 2026-03-20 23:20:00 | E231: Connectivity & Software | F231: Driver & Setup | G231: Medium | H231: Jack | I231: Network Team | J231: 13 | K231: 8 | L231: No | M231: 3 | N231: No | O231: Closed | P231: Temporary Workaround | Q231: East | R231: =IF(Table14[[#This Row],[Resolution_Time]]>Table14[[#This Row],[SLA_Target]],"No", "Yes") -> No | S231: =IF(Table14[[#This Row],[Calculated_SLA]]=Table14[[#This Row],[SLA_Met]],"Match","Mismatch") -> Match | T231: =IF(Table14[[#This Row],[Calculated_SLA]]="Yes",1,0) -> 0 | U231: =IF(COUNTIFS(Reference_data!A:A,Table14[[#This Row],[Category]],Reference_data!B:B,Table14[[#This Row],[Subcategory]])>0,"Valid","Invalid") -> Valid
A232: TKT000231 | B232: Bharti Airtel Ltd | C232: 2026-03-08 15:08:00 | D232: 2026-03-09 06:09:00 | E232: Connectivity & Software | F232: Network Dropouts | G232: Low | H232: Tony | I232: Network Team | J232: 14.4 | K232: 24 | L232: Yes | M232: \N | N232: No | O232: Closed | P232: Fixed | Q232: West | R232: =IF(Table14[[#This Row],[Resolution_Time]]>Table14[[#This Row],[SLA_Target]],"No", "Yes") -> Yes | S232: =IF(Table14[[#This Row],[Calculated_SLA]]=Table14[[#This Row],[SLA_Met]],"Match","Mismatch") -> Match | T232: =IF(Table14[[#This Row],[Calculated_SLA]]="Yes",1,0) -> 1 | U232: =IF(COUNTIFS(Reference_data!A:A,Table14[[#This Row],[Category]],Reference_data!B:B,Table14[[#This Row],[Subcategory]])>0,"Valid","Invalid") -> Valid
A233: TKT000232 | B233: Reliance Ltd | C233: 2026-01-29 15:29:00 | D233: 2026-01-30 01:30:00 | E233: Connectivity & Software | F233: Network Dropouts | G233: Low | H233: Era | I233: Network Team | J233: 10.2 | K233: 24 | L233: Yes | M233: 5 | N233: No | O233: Closed | P233: Fixed | Q233: South | R233: =IF(Table14[[#This Row],[Resolution_Time]]>Table14[[#This Row],[SLA_Target]],"No", "Yes") -> Yes | S233: =IF(Table14[[#This Row],[Calculated_SLA]]=Table14[[#This Row],[SLA_Met]],"Match","Mismatch") -> Match | T233: =IF(Table14[[#This Row],[Calculated_SLA]]="Yes",1,0) -> 1 | U233: =IF(COUNTIFS(Reference_data!A:A,Table14[[#This Row],[Category]],Reference_data!B:B,Table14[[#This Row],[Subcategory]])>0,"Valid","Invalid") -> Valid
A234: TKT000233 | B234: Bajaj Finance Ltd | C234: 2026-03-29 12:29:00 | D234: 2026-03-30 02:30:00 | E234: Connectivity & Software | F234: Network Dropouts | G234: Low | H234: Michael | I234: Network Team | J234: 13.7 | K234: 24 | L234: Yes | M234: 4 | N234: No | O234: Closed | P234: Fixed | Q234: North | R234: =IF(Table14[[#This Row],[Resolution_Time]]>Table14[[#This Row],[SLA_Target]],"No", "Yes") -> Yes | S234: =IF(Table14[[#This Row],[Calculated_SLA]]=Table14[[#This Row],[SLA_Met]],"Match","Mismatch") -> Match | T234: =IF(Table14[[#This Row],[Calculated_SLA]]="Yes",1,0) -> 1 | U234: =IF(COUNTIFS(Reference_data!A:A,Table14[[#This Row],[Category]],Reference_data!B:B,Table14[[#This Row],[Subcategory]])>0,"Valid","Invalid") -> Valid
A235: TKT000234 | B235: Amazon Ltd | C235: 2026-02-16 17:16:00 | D235: 2026-02-17 11:17:00 | E235: Hardware & Mechanical | F235: Parts Wear | G235: Low | H235: Jack | I235: Field Support | J235: 18.1 | K235: 24 | L235: Yes | M235: 4 | N235: No | O235: Closed | P235: Fixed | Q235: West | R235: =IF(Table14[[#This Row],[Resolution_Time]]>Table14[[#This Row],[SLA_Target]],"No", "Yes") -> Yes | S235: =IF(Table14[[#This Row],[Calculated_SLA]]=Table14[[#This Row],[SLA_Met]],"Match","Mismatch") -> Match | T235: =IF(Table14[[#This Row],[Calculated_SLA]]="Yes",1,0) -> 1 | U235: =IF(COUNTIFS(Reference_data!A:A,Table14[[#This Row],[Category]],Reference_data!B:B,Table14[[#This Row],[Subcategory]])>0,"Valid","Invalid") -> Valid
A236: TKT000235 | B236: United Overseas Bank | C236: 2026-03-01 09:01:00 | D236: 2026-03-01 13:01:00 | E236: Contract & Billing | F236: Relocation Requests | G236: Medium | H236: Emma | I236: Billing Team | J236: 3.3 | K236: 8 | L236: No | M236: 3 | N236: Yes | O236: Closed | P236: Escalated | Q236: West | R236: =IF(Table14[[#This Row],[Resolution_Time]]>Table14[[#This Row],[SLA_Target]],"No", "Yes") -> Yes | S236: =IF(Table14[[#This Row],[Calculated_SLA]]=Table14[[#This Row],[SLA_Met]],"Match","Mismatch") -> Mismatch | T236: =IF(Table14[[#This Row],[Calculated_SLA]]="Yes",1,0) -> 1 | U236: =IF(COUNTIFS(Reference_data!A:A,Table14[[#This Row],[Category]],Reference_data!B:B,Table14[[#This Row],[Subcategory]])>0,"Valid","Invalid") -> Valid
A237: TKT000236 | B237: Bajaj Finance Ltd | C237: 2026-02-13 15:13:00 | D237: 2026-02-14 01:14:00 | E237: Connectivity & Software | F237: Network Dropouts | G237: Low | H237: Tony | I237: Network Team | J237: 10.1 | K237: 24 | L237: Yes | M237: \N | N237: No | O237: Closed | P237: Fixed | Q237: East | R237: =IF(Table14[[#This Row],[Resolution_Time]]>Table14[[#This Row],[SLA_Target]],"No", "Yes") -> Yes | S237: =IF(Table14[[#This Row],[Calculated_SLA]]=Table14[[#This Row],[SLA_Met]],"Match","Mismatch") -> Match | T237: =IF(Table14[[#This Row],[Calculated_SLA]]="Yes",1,0) -> 1 | U237: =IF(COUNTIFS(Reference_data!A:A,Table14[[#This Row],[Category]],Reference_data!B:B,Table14[[#This Row],[Subcategory]])>0,"Valid","Invalid") -> Valid
A238: TKT000237 | B238: Tata Consultancy Services Ltd | C238: 2026-03-17 11:17:00 | D238: 2026-03-17 20:17:00 | E238: Supplies & Logistics | F238: Toner Replenishment | G238: High | H238: Michael | I238: Logistics Team | J238: 9.4 | K238: 4 | L238: No | M238: 2 | N238: No | O238: Closed | P238: Escalated | Q238: West | R238: =IF(Table14[[#This Row],[Resolution_Time]]>Table14[[#This Row],[SLA_Target]],"No", "Yes") -> No | S238: =IF(Table14[[#This Row],[Calculated_SLA]]=Table14[[#This Row],[SLA_Met]],"Match","Mismatch") -> Match | T238: =IF(Table14[[#This Row],[Calculated_SLA]]="Yes",1,0) -> 0 | U238: =IF(COUNTIFS(Reference_data!A:A,Table14[[#This Row],[Category]],Reference_data!B:B,Table14[[#This Row],[Subcategory]])>0,"Valid","Invalid") -> Valid
A239: TKT000238 | B239: ICICI Bank Ltd | C239: 2026-02-06 16:06:00 | D239: 2026-02-07 02:07:00 | E239: Connectivity & Software | F239: Driver & Setup | G239: Medium | H239: Judy | I239: Network Team | J239: 9.5 | K239: 8 | L239: No | M239: 2 | N239: Yes | O239: Closed | P239: Escalated | Q239: East | R239: =IF(Table14[[#This Row],[Resolution_Time]]>Table14[[#This Row],[SLA_Target]],"No", "Yes") -> No | S239: =IF(Table14[[#This Row],[Calculated_SLA]]=Table14[[#This Row],[SLA_Met]],"Match","Mismatch") -> Match | T239: =IF(Table14[[#This Row],[Calculated_SLA]]="Yes",1,0) -> 0 | U239: =IF(COUNTIFS(Reference_data!A:A,Table14[[#This Row],[Category]],Reference_data!B:B,Table14[[#This Row],[Subcategory]])>0,"Valid","Invalid") -> Valid
A240: TKT000239 | B240: Hindustan Unilever Ltd | C240: 2026-03-18 14:18:00 | D240: 2026-03-19 05:19:00 | E240: Connectivity & Software | F240: Network Dropouts | G240: Medium | H240: James | I240: Network Team | J240: 14.5 | K240: 8 | L240: No | M240: 2 | N240: No | O240: Closed | P240: Temporary Workaround | Q240: North | R240: =IF(Table14[[#This Row],[Resolution_Time]]>Table14[[#This Row],[SLA_Target]],"No", "Yes") -> No | S240: =IF(Table14[[#This Row],[Calculated_SLA]]=Table14[[#This Row],[SLA_Met]],"Match","Mismatch") -> Match | T240: =IF(Table14[[#This Row],[Calculated_SLA]]="Yes",1,0) -> 0 | U240: =IF(COUNTIFS(Reference_data!A:A,Table14[[#This Row],[Category]],Reference_data!B:B,Table14[[#This Row],[Subcategory]])>0,"Valid","Invalid") -> Valid
A241: TKT000240 | B241: Bharti Airtel Ltd | C241: 2026-01-21 13:21:00 | D241: 2026-01-21 17:21:00 | E241: Supplies & Logistics | F241: Toner Replenishment | G241: Medium | H241: Tony | I241: Logistics Team | J241: 4 | K241: 8 | L241: Yes | M241: 5 | N241: No | O241: Closed | P241: Fixed | Q241: North | R241: =IF(Table14[[#This Row],[Resolution_Time]]>Table14[[#This Row],[SLA_Target]],"No", "Yes") -> Yes | S241: =IF(Table14[[#This Row],[Calculated_SLA]]=Table14[[#This Row],[SLA_Met]],"Match","Mismatch") -> Match | T241: =IF(Table14[[#This Row],[Calculated_SLA]]="Yes",1,0) -> 1 | U241: =IF(COUNTIFS(Reference_data!A:A,Table14[[#This Row],[Category]],Reference_data!B:B,Table14[[#This Row],[Subcategory]])>0,"Valid","Invalid") -> Valid
A242: TKT000241 | B242: Tata Consultancy Services Ltd | C242: 2026-01-02 14:02:00 | D242: 2026-01-03 02:03:00 | E242: Connectivity & Software | F242: Network Dropouts | G242: High | H242: Mary | I242: Network Team | J242: 12.3 | K242: 4 | L242: No | M242: 3 | N242: Yes | O242: Closed | P242: Escalated | Q242: North | R242: =IF(Table14[[#This Row],[Resolution_Time]]>Table14[[#This Row],[SLA_Target]],"No", "Yes") -> No | S242: =IF(Table14[[#This Row],[Calculated_SLA]]=Table14[[#This Row],[SLA_Met]],"Match","Mismatch") -> Match | T242: =IF(Table14[[#This Row],[Calculated_SLA]]="Yes",1,0) -> 0 | U242: =IF(COUNTIFS(Reference_data!A:A,Table14[[#This Row],[Category]],Reference_data!B:B,Table14[[#This Row],[Subcategory]])>0,"Valid","Invalid") -> Valid
A243: TKT000242 | B243: LIC Corp Ltd | C243: 2026-03-09 12:09:00 | D243: 2026-03-09 21:09:00 | E243: Connectivity & Software | F243: Scan-to-Email | G243: Low | H243: Tina | I243: Network Team | J243: 9.9 | K243: 24 | L243: Yes | M243: 4 | N243: No | O243: Closed | P243: Fixed | Q243: North | R243: =IF(Table14[[#This Row],[Resolution_Time]]>Table14[[#This Row],[SLA_Target]],"No", "Yes") -> Yes | S243: =IF(Table14[[#This Row],[Calculated_SLA]]=Table14[[#This Row],[SLA_Met]],"Match","Mismatch") -> Match | T243: =IF(Table14[[#This Row],[Calculated_SLA]]="Yes",1,0) -> 1 | U243: =IF(COUNTIFS(Reference_data!A:A,Table14[[#This Row],[Category]],Reference_data!B:B,Table14[[#This Row],[Subcategory]])>0,"Valid","Invalid") -> Valid
A244: TKT000243 | B244: Bharti Airtel Ltd | C244: 2026-03-31 10:31:00 | D244: 2026-04-01 00:01:00 | E244: Connectivity & Software | F244: Driver & Setup | G244: High | H244: James | I244: Network Team | J244: 14.3 | K244: 4 | L244: No | M244: 1 | N244: No | O244: Closed | P244: Temporary Workaround | Q244: East | R244: =IF(Table14[[#This Row],[Resolution_Time]]>Table14[[#This Row],[SLA_Target]],"No", "Yes") -> No | S244: =IF(Table14[[#This Row],[Calculated_SLA]]=Table14[[#This Row],[SLA_Met]],"Match","Mismatch") -> Match | T244: =IF(Table14[[#This Row],[Calculated_SLA]]="Yes",1,0) -> 0 | U244: =IF(COUNTIFS(Reference_data!A:A,Table14[[#This Row],[Category]],Reference_data!B:B,Table14[[#This Row],[Subcategory]])>0,"Valid","Invalid") -> Valid
A245: TKT000244 | B245: HDFC Bank Ltd | C245: 2026-03-26 16:26:00 | D245: 2026-03-27 05:27:00 | E245: Hardware & Mechanical | F245: Parts Wear | G245: Medium | H245: Era | I245: Field Support | J245: 13.6 | K245: 8 | L245: No | M245: 2 | N245: No | O245: Closed | P245: Escalated | Q245: West | R245: =IF(Table14[[#This Row],[Resolution_Time]]>Table14[[#This Row],[SLA_Target]],"No", "Yes") -> No | S245: =IF(Table14[[#This Row],[Calculated_SLA]]=Table14[[#This Row],[SLA_Met]],"Match","Mismatch") -> Match | T245: =IF(Table14[[#This Row],[Calculated_SLA]]="Yes",1,0) -> 0 | U245: =IF(COUNTIFS(Reference_data!A:A,Table14[[#This Row],[Category]],Reference_data!B:B,Table14[[#This Row],[Subcategory]])>0,"Valid","Invalid") -> Valid
A246: TKT000245 | B246: Amazon Ltd | C246: 2026-03-26 08:26:00 | D246: 2026-03-27 00:27:00 | E246: Print Quality | F246: Defective Prints | G246: High | H246: Michael | I246: Remote Support | J246: 15.4 | K246: 4 | L246: No | M246: 1 | N246: Yes | O246: Closed | P246: Temporary Workaround | Q246: East | R246: =IF(Table14[[#This Row],[Resolution_Time]]>Table14[[#This Row],[SLA_Target]],"No", "Yes") -> No | S246: =IF(Table14[[#This Row],[Calculated_SLA]]=Table14[[#This Row],[SLA_Met]],"Match","Mismatch") -> Match | T246: =IF(Table14[[#This Row],[Calculated_SLA]]="Yes",1,0) -> 0 | U246: =IF(COUNTIFS(Reference_data!A:A,Table14[[#This Row],[Category]],Reference_data!B:B,Table14[[#This Row],[Subcategory]])>0,"Valid","Invalid") -> Valid
A247: TKT000246 | B247: HDFC Bank Ltd | C247: 2026-02-21 10:21:00 | D247: 2026-02-21 20:21:00 | E247: Print Quality | F247: Finishing Errors | G247: Medium | H247: Mary | I247: Field Support | J247: 10 | K247: 8 | L247: No | M247: 1 | N247: No | O247: Closed | P247: Escalated | Q247: North | R247: =IF(Table14[[#This Row],[Resolution_Time]]>Table14[[#This Row],[SLA_Target]],"No", "Yes") -> No | S247: =IF(Table14[[#This Row],[Calculated_SLA]]=Table14[[#This Row],[SLA_Met]],"Match","Mismatch") -> Match | T247: =IF(Table14[[#This Row],[Calculated_SLA]]="Yes",1,0) -> 0 | U247: =IF(COUNTIFS(Reference_data!A:A,Table14[[#This Row],[Category]],Reference_data!B:B,Table14[[#This Row],[Subcategory]])>0,"Valid","Invalid") -> Valid
...

Sheet Reference_data
A1: Category | B1: Sub Category | C1: Department
A2: Hardware & Mechanical | B2: Paper Jam | C2: Hardware Team
A3: Hardware & Mechanical | B3: Device Errors | C3: Hardware Team
A4: Hardware & Mechanical | B4: Parts Wear | C4: Field Support
A5: Print Quality | B5: Defective Prints | C5: Remote Support
A6: Print Quality | B6: Color Calibration | C6: Remote Support
A7: Print Quality | B7: Finishing Errors | C7: Field Support
A8: Connectivity & Software | B8: Network Dropouts | C8: Network Team
A9: Connectivity & Software | B9: Driver & Setup | C9: Network Team
A10: Connectivity & Software | B10: Scan-to-Email | C10: Network Team
A11: Supplies & Logistics | B11: Toner Replenishment | C11: Logistics Team
A12: Supplies & Logistics | B12: Paper Supply | C12: Logistics Team
... A14: Contract & Billing | B14: Relocation Requests | C14: Billing Team

Sheet Raw Data
A1: Ticket_ID | B1: Account | C1: Created_Date | D1: Closed_Date | E1: Category | F1: Sub_Category | G1: Priority | H1: Agent | I1: Department | J1: Resolution_Time_Hrs | K1: SLA_Target_Hrs | L1: SLA_Met | M1: Customer_Rating | N1: Reopened | O1: Ticket_Status | P1: Resolution_Type | Q1: Region
A2: TKT000001 | B2: United Overseas Bank | C2: 03/17/2026 16:23 | D2: 03/18/2026 07:35 | E2: Connectivity & Software | F2: Network Dropouts | G2: Low | H2: Michael | I2: Network Team | J2: 15.2 | K2: 24 | L2: Yes | M2: 4 | N2: No | O2: Closed | P2: Fixed | Q2: South
A3: TKT000002 | B3: Amazon Ltd | C3: 03/21/2026 13:21 | D3: 03/21/2026 18:21 | E3: Print Quality | F3: Finishing Errors | G3: Low | H3: Tina | I3: Field Support | J3: 5 | K3: 24 | L3: No | M3: 3 | N3: Yes | O3: Closed | P3: Temporary Workaround | Q3: West
A4: TKT000003 | B4: Tata Consultancy Services Ltd | C4: 03/25/2026 14:44 | D4: 03/25/2026 18:02 | E4: Contract & Billing | F4: Relocation Requests | G4: Medium | H4: Emma | I4: Billing Team | J4: 3.3 | K4: 8 | L4: Yes | M4: 4 | N4: No | O4: Closed | P4: Fixed | Q4: South
A5: TKT000004 | B5: HDFC Bank Ltd | C5: 03/22/2026 08:20 | D5: 03/22/2026 15:14 | E5: Print Quality | F5: Color Calibration | G5: High | H5: James | I5: Remote Support | J5: 6.9 | K5: 4 | L5: No | M5: 1 | N5: No | O5: Closed | P5: Escalated | Q5: North
A6: TKT000005 | B6: ICICI Bank Ltd | C6: 01/27/2026 12:34 | D6: 01/27/2026 22:40 | E6: Connectivity & Software | F6: Driver & Setup | G6: Medium | H6: Sarah | I6: Network Team | J6: 10.1 | K6: 8 | L6: No | M6: 1 | N6: No | O6: Closed | P6: Temporary Workaround | Q6: North
A7: TKT000006 | B7: LIC Corp Ltd | C7: 01/17/2026 11:58 | D7: 01/17/2026 23:58 | E7: Connectivity & Software | F7: Scan-to-Email | G7: Medium | H7: Judy | I7: Network Team | J7: 12 | K7: 8 | L7: No | M7: 3 | N7: No | O7: Closed | P7: Escalated | Q7: West
A8: TKT000007 | B8: Amazon Ltd | C8: 03/17/2026 13:05 | D8: 03/17/2026 17:59 | E8: Connectivity & Software | F8: Scan-to-Email | G8: Medium | H8: Emma | I8: Network Team | J8: 4.9 | K8: 8 | L8: Yes | M8: 4 | N8: No | O8: Closed | P8: Fixed | Q8: West
A9: TKT000008 | B9: Reliance Ltd | C9: 03/20/2026 14:09 | D9: 03/21/2026 03:39 | E9: Hardware & Mechanical | F9: Device Errors | G9: Medium | H9: Judy | I9: Hardware Team | J9: 13.5 | K9: 8 | L9: No | M9: 1 | N9: No | O9: Closed | P9: Temporary Workaround | Q9: West
A10: TKT000009 | B10: Amazon Ltd | C10: 03/17/2026 13:30 | D10: 03/17/2026 23:00 | E10: Supplies & Logistics | F10: Paper Supply | G10: Medium | H10: Mary | I10: Logistics Team | J10: 9.5 | K10: 8 | L10: No | M10: 3 | N10: No | O10: Closed | P10: Temporary Workaround | Q10: West
A11: TKT000010 | B11: Amazon Ltd | C11: 02/09/2026 13:38 | D11: 02/10/2026 04:26 | E11: Connectivity & Software | F11: Network Dropouts | G11: High | H11: Tony | I11: Network Team | J11: 14.8 | K11: 4 | L11: No | M11: 2 | N11: No | O11: Closed | P11: Escalated | Q11: North
A12: TKT000011 | B12: HDFC Bank Ltd | C12: 03/09/2026 13:05 | D12: 03/10/2026 03:35 | E12: Hardware & Mechanical | F12: Device Errors | G12: Low | H12: Mary | I12: Hardware Team | J12: 14.5 | K12: 24 | L12: Yes | M12: 4 | N12: No | O12: Closed | P12: Fixed | Q12: West
A13: TKT000012 | B13: Amazon Ltd | C13: 03/05/2026 16:21 | D13: 03/06/2026 05:09 | E13: Connectivity & Software | F13: Network Dropouts | G13: Medium | H13: James | I13: Network Team | J13: 12.8 | K13: 8 | L13: No | M13: 2 | N13: No | O13: Closed | P13: Escalated | Q13: West
... A18: TKT000017 | B18: HDFC Bank Ltd | C18: 02/15/2026 15:34 | D18: 02/15/2026 20:46 | E18: Supplies & Logistics | F18: Toner Replenishment | G18: Medium | H18: Judy | I18: Logistics Team | J18: 5.2 | K18: 8 | L18: Yes | M18: 4 | N18: No | O18: Closed | P18: Fixed | Q18: North
A19: TKT000018 | B19: HDFC Bank Ltd | C19: 01/06/2026 12:05 | D19: 01/06/2026 21:17 | E19: Hardware & Mechanical | F19: Device Errors | G19: Medium | H19: Sarah | I19: Hardware Team | J19: 9.2 | K19: 8 | L19: No | N19: Yes | O19: Closed | P19: Escalated | Q19: West
A20: TKT000019 | B20: Bajaj Finance Ltd | C20: 03/13/2026 08:19 | D20: 03/13/2026 14:55 | E20: Connectivity & Software | F20: Driver & Setup | G20: Medium | H20: James | I20: Network Team | J20: 6.6 | K20: 8 | L20: Yes | M20: 4 | N20: No | O20: Closed | P20: Fixed | Q20: East
A21: TKT000020 | B21: HDFC Bank Ltd | C21: 01/07/2026 12:12 | D21: 01/07/2026 17:18 | E21: Print Quality | F21: Defective Prints | G21: Medium | H21: James | I21: Remote Support | J21: 5.1 | K21: 8 | L21: Yes | M21: 4 | N21: No | O21: Closed | P21: Fixed | Q21: West
A22: TKT000021 | B22: Amazon Ltd | C22: 01/17/2026 13:16 | D22: 01/17/2026 22:52 | E22: Connectivity & Software | F22: Network Dropouts | G22: Low | H22: Emma | I22: Network Team | J22: 9.6 | K22: 24 | L22: Yes | M22: 4 | N22: No | O22: Closed | P22: Fixed | Q22: West
A23: TKT000022 | B23: Bajaj Finance Ltd | C23: 02/21/2026 11:24 | D23: 02/21/2026 18:48 | E23: Supplies & Logistics | F23: Paper Supply | G23: Low | H23: Judy | I23: Logistics Team | J23: 7.4 | K23: 24 | L23: Yes | M23: 5 | N23: No | O23: Closed | P23: Fixed | Q23: North
A24: TKT000023 | B24: Bharti Airtel Ltd | C24: 02/12/2026 11:08 | D24: 02/12/2026 20:14 | E24: Print Quality | F24: Color Calibration | G24: Medium | H24: Jack | I24: Remote Support | J24: 9.1 | K24: 8 | L24: No | N24: Yes | O24: Closed | P24: Temporary Workaround | Q24: East
A25: TKT000024 | B25: Bajaj Finance Ltd | C25: 02/21/2026 17:41 | D25: 02/22/2026 01:41 | E25: Print Quality | F25: Color Calibration | G25: Medium | H25: Tony | I25: Remote Support | J25: 8 | K25: 8 | L25: Yes | M25: 5 | N25: No | O25: Closed | P25: Fixed | Q25: South
A26: TKT000025 | B26: Amazon Ltd | C26: 02/16/2026 13:05 | D26: 02/17/2026 03:47 | E26: Connectivity & Software | F26: Scan-to-Email | G26: Medium | H26: James | I26: Network Team | J26: 14.7 | K26: 8 | L26: No | M26: 1 | N26: Yes | O26: Closed | P26: Temporary Workaround | Q26: East
A27: TKT000026 | B27: Bharti Airtel Ltd | C27: 03/25/2026 17:10 | D27: 03/26/2026 02:22 | E27: Supplies & Logistics | F27: Toner Replenishment | G27: Medium | H27: Tony | I27: Logistics Team | J27: 9.2 | K27: 8 | L27: No | M27: 3 | N27: No | O27: Closed | P27: Escalated | Q27: East
A28: TKT000027 | B28: Reliance Ltd | C28: 03/18/2026 14:55 | D28: 03/18/2026 21:13 | E28: Print Quality | F28: Color Calibration | G28: Low | H28: Sarah | I28: Remote Support | J28: 6.3 | K28: 24 | L28: Yes | M28: 4 | N28: No | O28: Closed | P28: Fixed | Q28: East
A29: TKT000028 | B29: Bharti Airtel Ltd | C29: 01/14/2026 16:06 | D29: 01/15/2026 01:36 | E29: Connectivity & Software | F29: Network Dropouts | G29: Medium | H29: Sarah | I29: Network Team | J29: 9.5 | K29: 8 | L29: No | M29: 3 | N29: Yes | O29: Closed | P29: Temporary Workaround | Q29: West
A30: TKT000029 | B30: Reliance Ltd | C30: 03/03/2026 13:49 | D30: 03/04/2026 02:13 | E30: Connectivity & Software | F30: Driver & Setup | G30: Low | H30: James | I30: Network Team | J30: 12.4 | K30: 24 | L30: No | M30: 3 | N30: Yes | O30: Closed | P30: Escalated | Q30: West
A31: TKT000030 | B31: Tata Consultancy Services Ltd | C31: 01/20/2026 13:57 | D31: 01/21/2026 05:27 | E31: Hardware & Mechanical | F31: Device Errors | G31: Medium | H31: James | I31: Hardware Team | J31: 15.5 | K31: 8 | L31: No | M31: 1 | N31: No | O31: Closed | P31: Escalated | Q31: West
A32: TKT000031 | B32: Bharti Airtel Ltd | C32: 03/11/2026 09:08 | D32: 03/11/2026 14:56 | E32: Print Quality | F32: Defective Prints | G32: Medium | H32: Tony | I32: Remote Support | J32: 5.8 | K32: 8 | L32: Yes | M32: 4 | N32: No | O32: Closed | P32: Fixed | Q32: North
A33: TKT000032 | B33: Bajaj Finance Ltd | C33: 03/13/2026 15:33 | D33: 03/14/2026 09:39 | E33: Hardware & Mechanical | F33: Paper Jam | G33: Medium | H33: Jack | I33: Hardware Team | J33: 18.1 | K33: 8 | L33: No | M33: 2 | N33: Yes | O33: Closed | P33: Escalated | Q33: West
A34: TKT000033 | B34: Tata Consultancy Services Ltd | C34: 01/11/2026 15:33 | D34: 01/12/2026 02:39 | E34: Connectivity & Software | F34: Driver & Setup | G34: Low | H34: Mary | I34: Network Team | J34: 11.1 | K34: 24 | L34: Yes | M34: 5 | N34: No | O34: Closed | P34: Fixed | Q34: West
A35: TKT000034 | B35: United Overseas Bank | C35: 03/26/2026 14:31 | D35: 03/26/2026 20:55 | E35: Print Quality | F35: Finishing Errors | G35: High | H35: Tina | I35: Field Support | J35: 6.4 | K35: 4 | L35: No | M35: 3 | N35: No | O35: Closed | P35: Escalated | Q35: West
A36: TKT000035 | B36: United Overseas Bank | C36: 02/12/2026 08:13 | D36: 02/12/2026 17:49 | E36: Hardware & Mechanical | F36: Paper Jam | G36: Low | H36: James | I36: Hardware Team | J36: 9.6 | K36: 24 | L36: Yes | M36: 4 | N36: No | O36: Closed | P36: Fixed | Q36: East
... A38: TKT000037 | B38: HDFC Bank Ltd | C38: 03/15/2026 08:38 | D38: 03/15/2026 17:14 | E38: Connectivity & Software | F38: Scan-to-Email | G38: Medium | H38: Judy | I38: Network Team | J38: 8.6 | K38: 8 | L38: No | M38: 3 | N38: Yes | O38: Closed | P38: Escalated | Q38: East
A39: TKT000038 | B39: Tata Consultancy Services Ltd | C39: 03/04/2026 13:04 | D39: 03/04/2026 17:10 | E39: Print Quality | F39: Defective Prints | G39: Medium | H39: Emma | I39: Remote Support | J39: 4.1 | K39: 8 | L39: Yes | N39: No | O39: Closed | P39: Fixed | Q39: South
A40: TKT000039 | B40: Bajaj Finance Ltd | C40: 02/27/2026 08:34 | D40: 02/27/2026 17:22 | E40: Supplies & Logistics | F40: Toner Replenishment | G40: High | H40: Mary | I40: Logistics Team | J40: 8.8 | K40: 4 | L40: No | M40: 3 | N40: Yes | O40: Closed | P40: Temporary Workaround | Q40: North
A41: TKT000040 | B41: Hindustan Unilever Ltd | C41: 01/27/2026 14:30 | D41: 01/27/2026 23:06 | E41: Hardware & Mechanical | F41: Parts Wear | G41: Low | H41: Sarah | I41: Field Support | J41: 8.6 | K41: 24 | L41: Yes | M41: 4 | N41: No | O41: Closed | P41: Fixed | Q41: East
A42: TKT000041 | B42: HDFC Bank Ltd | C42: 02/27/2026 09:00 | D42: 02/27/2026 18:48 | E42: Hardware & Mechanical | F42: Paper Jam | G42: Medium | H42: Judy | I42: Hardware Team | J42: 9.8 | K42: 8 | L42: No | M42: 1 | N42: Yes | O42: Closed | P42: Escalated | Q42: North
A43: TKT000042 | B43: Amazon Ltd | C43: 03/21/2026 08:14 | D43: 03/21/2026 20:32 | E43: Print Quality | F43: Defective Prints | G43: Medium | H43: Mary | I43: Remote Support | J43: 12.3 | K43: 8 | L43: No | M43: 1 | N43: Yes | O43: Closed | P43: Escalated | Q43: West
A44: TKT000043 | B44: Reliance Ltd | C44: 01/17/2026 09:06 | D44: 01/17/2026 19:48 | E44: Connectivity & Software | F44: Scan-to-Email | G44: Medium | H44: Tony | I44: Network Team | J44: 10.7 | K44: 8 | L44: No | M44: 1 | N44: No | O44: Closed | P44: Escalated | Q44: West
A45: TKT000044 | B45: Reliance Ltd | C45: 01/12/2026 11:43 | D45: 01/12/2026 16:37 | E45: Print Quality | F45: Finishing Errors | G45: Medium | H45: Tony | I45: Field Support | J45: 4.9 | K45: 8 | L45: Yes | M45: 4 | N45: No | O45: Closed | P45: Fixed | Q45: East
A46: TKT000045 | B46: United Overseas Bank | C46: 03/05/2026 17:26 | D46: 03/06/2026 14:32 | E46: Hardware & Mechanical | F46: Device Errors | G46: Medium | H46: Tina | I46: Hardware Team | J46: 21.1 | K46: 8 | L46: No | M46: 3 | N46: Yes | O46: Closed | P46: Temporary Workaround | Q46: South
A47: TKT000046 | B47: HDFC Bank Ltd | C47: 03/30/2026 13:22 | D47: 03/31/2026 11:16 | E47: Hardware & Mechanical | F47: Paper Jam | G47: Low | H47: Judy | I47: Hardware Team | J47: 21.9 | K47: 24 | L47: Yes | M47: 4 | N47: No | O47: Closed | P47: Fixed | Q47: West
A48: TKT000047 | B48: ICICI Bank Ltd | C48: 02/20/2026 14:06 | D48: 02/20/2026 20:00 | E48: Supplies & Logistics | F48: Paper Supply | G48: Medium | H48: Tony | I48: Logistics Team | J48: 5.9 | K48: 8 | L48: Yes | M48: 4 | N48: No | O48: Closed | P48: Fixed | Q48: East
A49: TKT000048 | B49: HDFC Bank Ltd | C49: 03/02/2026 10:15 | D49: 03/02/2026 20:39 | E49: Hardware & Mechanical | F49: Device Errors | G49: Low | H49: Jack | I49: Hardware Team | J49: 10.4 | K49: 24 | L49: Yes | M49: 4 | N49: No | O49: Closed | P49: Fixed | Q49: South
A50: TKT000049 | B50: Bharti Airtel Ltd | C50: 03/27/2026 11:41 | D50: 03/27/2026 20:35 | E50: Connectivity & Software | F50: Scan-to-Email | G50: High | H50: Tina | I50: Network Team | J50: 8.9 | K50: 4 | L50: No | M50: 2 | N50: No | O50: Closed | P50: Escalated | Q50: East
A51: TKT000050 | B51: Bharti Airtel Ltd | C51: 01/19/2026 16:38 | D51: 01/20/2026 05:14 | E51: Print Quality | F51: Color Calibration | G51: Medium | H51: James | I51: Remote Support | J51: 12.6 | K51: 8 | L51: No | M51: 3 | N51: Yes | O51: Closed | P51: Temporary Workaround | Q51: South
... A76: TKT000075 | B76: Reliance Ltd | C76: 03/21/2026 13:22 | D76: 03/21/2026 22:04 | E76: Connectivity & Software | F76: Scan-to-Email | G76: High | H76: Era | I76: Network Team | J76: 8.7 | K76: 4 | L76: No | M76: 2 | N76: No | O76: Closed | P76: Escalated | Q76: West
A77: TKT000076 | B77: Tata Consultancy Services Ltd | C77: 01/18/2026 14:40 | D77: 01/18/2026 21:46 | E77: Connectivity & Software | F77: Network Dropouts | G77: Medium | H77: Emma | I77: Network Team | J77: 7.1 | K77: 8 | L77: Yes | N77: No | O77: Closed | P77: Fixed | Q77: East
A78: TKT000077 | B78: Tata Consultancy Services Ltd | C78: 02/22/2026 15:36 | D78: 02/23/2026 00:06 | E78: Connectivity & Software | F78: Driver & Setup | G78: Medium | H78: Jack | I78: Network Team | J78: 8.5 | K78: 8 | L78: No | M78: 2 | N78: Yes | O78: Closed | P78: Temporary Workaround | Q78: West
A79: TKT000078 | B79: Tata Consultancy Services Ltd | C79: 01/23/2026 08:54 | D79: 01/23/2026 21:18 | E79: Connectivity & Software | F79: Scan-to-Email | G79: Low | H79: Tony | I79: Network Team | J79: 12.4 | K79: 24 | L79: Yes | M79: 5 | N79: No | O79: Closed | P79: Fixed | Q79: East
A80: TKT000079 | B80: HDFC Bank Ltd | C80: 03/18/2026 17:53 | D80: 03/19/2026 09:11 | E80: Hardware & Mechanical | F80: Parts Wear | G80: Low | H80: Mary | I80: Field Support | J80: 15.3 | K80: 24 | L80: Yes | M80: 5 | N80: No | O80: Closed | P80: Fixed | Q80: North
A81: TKT000080 | B81: Amazon Ltd | C81: 01/03/2026 17:00 | D81: 01/03/2026 23:30 | E81: Connectivity & Software | F81: Scan-to-Email | G81: Medium | H81: Emma | I81: Network Team | J81: 6.5 | K81: 8 | L81: Yes | M81: 5 | N81: No | O81: Closed | P81: Fixed | Q81: West
A82: TKT000081 | B82: Bharti Airtel Ltd | C82: 02/11/2026 08:34 | D82: 02/11/2026 13:46 | E82: Contract & Billing | F82: Lease Terms | G82: Medium | H82: Michael | I82: Billing Team | J82: 5.2 | K82: 8 | L82: Yes | M82: 4 | N82: No | O82: Closed | P82: Fixed | Q82: North
A83: TKT000082 | B83: Bajaj Finance Ltd | C83: 03/25/2026 09:23 | D83: 03/25/2026 17:41 | E83: Supplies & Logistics | F83: Toner Replenishment | G83: Low | H83: Tina | I83: Logistics Team | J83: 8.3 | K83: 24 | L83: Yes | M83: 4 | N83: No | O83: Closed | P83: Fixed | Q83: East
A84: TKT000083 | B84: United Overseas Bank | C84: 03/24/2026 12:40 | D84: 03/24/2026 17:58 | E84: Connectivity & Software | F84: Network Dropouts | G84: Medium | H84: Sarah | I84: Network Team | J84: 5.3 | K84: 8 | L84: Yes | M84: 4 | N84: No | O84: Closed | P84: Fixed | Q84: West
A85: TKT000084 | B85: ICICI Bank Ltd | C85: 03/03/2026 11:14 | D85: 03/03/2026 23:20 | E85: Hardware & Mechanical | F85: Device Errors | G85: Medium | H85: Mary | I85: Hardware Team | J85: 12.1 | K85: 8 | L85: No | M85: 3 | N85: Yes | O85: Closed | P85: Temporary Workaround | Q85: East
A86: TKT000085 | B86: Hindustan Unilever Ltd | C86: 03/21/2026 17:33 | D86: 03/22/2026 01:09 | E86: Connectivity & Software | F86: Driver & Setup | G86: Medium | H86: Emma | I86: Network Team | J86: 7.6 | K86: 8 | L86: Yes | M86: 5 | N86: No | O86: Closed | P86: Fixed | Q86: South
A87: TKT000086 | B87: LIC Corp Ltd | C87: 03/01/2026 08:47 | D87: 03/01/2026 20:23 | E87: Print Quality | F87: Color Calibration | G87: Low | H87: Tina | I87: Remote Support | J87: 11.6 | K87: 24 | L87: Yes | M87: 4 | N87: No | O87: Closed | P87: Fixed | Q87: North
A88: TKT000087 | B88: HDFC Bank Ltd | C88: 03/17/2026 08:46 | D88: 03/17/2026 18:28 | E88: Supplies & Logistics | F88: Toner Replenishment | G88: Medium | H88: Michael | I88: Logistics Team | J88: 9.7 | K88: 8 | L88: No | M88: 3 | N88: Yes | O88: Closed | P88: Temporary Workaround | Q88: East
A89: TKT000088 | B89: HDFC Bank Ltd | C89: 02/28/2026 11:42 | D89: 03/01/2026 00:06 | E89: Connectivity & Software | F89: Driver & Setup | G89: High | H89: Tony | I89: Network Team | J89: 12.4 | K89: 4 | L89: No | M89: 3 | N89: Yes | O89: Closed | P89: Escalated | Q89: East
... A189: TKT000188 | B189: Tata Consultancy Services Ltd | C189: 03/21/2026 12:37 | D189: 03/22/2026 07:43 | E189: Hardware & Mechanical | F189: Device Errors | G189: High | H189: Tony | I189: Hardware Team | J189: 19.1 | K189: 4 | L189: No | M189: 3 | N189: No | O189: Closed | P189: Temporary Workaround | Q189: East
A190: TKT000189 | B190: HDFC Bank Ltd | C190: 03/09/2026 13:14 | D190: 03/10/2026 04:44 | E190: Hardware & Mechanical | F190: Parts Wear | G190: High | H190: Emma | I190: Field Support | J190: 15.5 | K190: 4 | L190: No | N190: No | O190: Closed | P190: Escalated | Q190: East
A191: TKT000190 | B191: Amazon Ltd | C191: 03/03/2026 10:00 | D191: 03/03/2026 23:00 | E191: Supplies & Logistics | F191: Paper Supply | G191: Medium | H191: Michael | I191: Logistics Team | J191: 13 | K191: 8 | L191: No | M191: 3 | N191: No | O191: Closed | P191: Temporary Workaround | Q191: West
A192: TKT000191 | B192: Reliance Ltd | C192: 03/16/2026 09:33 | D192: 03/16/2026 20:51 | E192: Connectivity & Software | F192: Scan-to-Email | G192: Medium | H192: Mary | I192: Network Team | J192: 11.3 | K192: 8 | L192: No | M192: 2 | N192: No | O192: Closed | P192: Temporary Workaround | Q192: North
A193: TKT000192 | B193: Bharti Airtel Ltd | C193: 01/06/2026 12:27 | D193: 01/06/2026 19:33 | E193: Connectivity & Software | F193: Network Dropouts | G193: High | H193: James | I193: Network Team | J193: 7.1 | K193: 4 | L193: No | M193: 3 | N193: No | O193: Closed | P193: Temporary Workaround | Q193: South
A194: TKT000193 | B194: Bajaj Finance Ltd | C194: 02/12/2026 17:10 | D194: 02/13/2026 01:34 | E194: Supplies & Logistics | F194: Toner Replenishment | G194: Low | H194: Mary | I194: Logistics Team | J194: 8.4 | K194: 24 | L194: Yes | M194: 5 | N194: No | O194: Closed | P194: Fixed | Q194: West
A195: TKT000194 | B195: HDFC Bank Ltd | C195: 01/26/2026 11:01 | D195: 01/26/2026 14:55 | E195: Supplies & Logistics | F195: Paper Supply | G195: Medium | H195: Emma | I195: Logistics Team | J195: 3.9 | K195: 8 | L195: Yes | M195: 4 | N195: No | O195: Closed | P195: Fixed | Q195: South
A196: TKT000195 | B196: Reliance Ltd | C196: 02/24/2026 15:28 | D196: 02/25/2026 01:10 | E196: Connectivity & Software | F196: Network Dropouts | G196: Low | H196: Sarah | I196: Network Team | J196: 9.7 | K196: 24 | L196: Yes | M196: 5 | N196: No | O196: Closed | P196: Fixed | Q196: South
A197: TKT000196 | B197: Reliance Ltd | C197: 01/07/2026 09:41 | D197: 01/07/2026 13:35 | E197: Supplies & Logistics | F197: Toner Replenishment | G197: Medium | H197: Tony | I197: Logistics Team | J197: 3.9 | K197: 8 | L197: Yes | M197: 5 | N197: No | O197: Closed | P197: Fixed | Q197: South
A198: TKT000197 | B198: ICICI Bank Ltd | C198: 02/19/2026 09:28 | D198: 02/19/2026 18:28 | E198: Connectivity & Software | F198: Network Dropouts | G198: Medium | H198: James | I198: Network Team | J198: 9 | K198: 8 | L198: No | M198: 2 | N198: No | O198: Closed | P198: Escalated | Q198: East
A199: TKT000198 | B199: LIC Corp Ltd | C199: 02/15/2026 08:19 | D199: 02/15/2026 20:37 | E199: Print Quality | F199: Defective Prints | G199: Medium | H199: Michael | I199: Remote Support | J199: 12.3 | K199: 8 | L199: No | M199: 2 | N199: No | O199: Closed | P199: Escalated | Q199: South
A200: TKT000199 | B200: Bharti Airtel Ltd | C200: 03/25/2026 13:38 | D200: 03/25/2026 16:50 | E200: Contract & Billing | F200: Lease Terms | G200: Medium | H200: Tina | I200: Billing Team | J200: 3.2 | K200: 8 | L200: Yes | M200: 4 | N200: No | O200: Closed | P200: Fixed | Q200: South
A201: TKT000200 | B201: Bajaj Finance Ltd | C201: 02/23/2026 17:40 | D201: 02/24/2026 05:58 | E201: Hardware & Mechanical | F201: Parts Wear | G201: Medium | H201: Emma | I201: Field Support | J201: 12.3 | K201: 8 | L201: No | M201: 3 | N201: Yes | O201: Closed | P201: Temporary Workaround | Q201: West
A202: TKT000201 | B202: Hindustan Unilever Ltd | C202: 02/21/2026 08:36 | D202: 02/21/2026 12:54 | E202: Print Quality | F202: Finishing Errors | G202: Medium | H202: Emma | I202: Field Support | J202: 4.3 | K202: 8 | L202: Yes | M202: 4 | N202: No | O202: Closed | P202: Fixed | Q202: South
... A222: TKT000221 | B222: ICICI Bank Ltd | C222: 02/14/2026 14:55 | D222: 02/14/2026 17:25 | E222: Contract & Billing | F222: Relocation Requests | G222: Medium | H222: Sarah | I222: Billing Team | J222: 2.5 | K222: 8 | L222: Yes | M222: 4 | N222: No | O222: Closed | P222: Fixed | Q222: South
A223: TKT000222 | B223: Reliance Ltd | C223: 03/16/2026 14:49 | D223: 03/17/2026 02:01 | E223: Connectivity & Software | F223: Driver & Setup | G223: Low | H223: James | I223: Network Team | J223: 11.2 | K223: 24 | L223: Yes | N223: No | O223: Closed | P223: Fixed | Q223: West
A224: TKT000223 | B224: Reliance Ltd | C224: 02/05/2026 10:27 | D224: 02/05/2026 15:15 | E224: Supplies & Logistics | F224: Paper Supply | G224: Medium | H224: James | I224: Logistics Team | J224: 4.8 | K224: 8 | L224: Yes | M224: 4 | N224: No | O224: Closed | P224: Fixed | Q224: North
A225: TKT000224 | B225: HDFC Bank Ltd | C225: 01/24/2026 08:28 | D225: 01/24/2026 16:22 | E225: Supplies & Logistics | F225: Toner Replenishment | G225: Medium | H225: Michael | I225: Logistics Team | J225: 7.9 | K225: 8 | L225: Yes | M225: 4 | N225: No | O225: Closed | P225: Fixed | Q225: North
A226: TKT000225 | B226: United Overseas Bank | C226: 03/12/2026 15:22 | D226: 03/13/2026 00:34 | E226: Connectivity & Software | F226: Network Dropouts | G226: Medium | H226: Jack | I226: Network Team | J226: 9.2 | K226: 8 | L226: No | M226: 2 | N226: No | O226: Closed | P226: Temporary Workaround | Q226: West
A227: TKT000226 | B227: United Overseas Bank | C227: 03/05/2026 13:21 | D227: 03/05/2026 18:33 | E227: Supplies & Logistics | F227: Paper Supply | G227: High | H227: Judy | I227: Logistics Team | J227: 5.2 | K227: 4 | L227: No | M227: 2 | N227: No | O227: Closed | P227: Temporary Workaround | Q227: North
A228: TKT000227 | B228: ICICI Bank Ltd | C228: 03/22/2026 14:46 | D228: 03/22/2026 16:40 | E228: Contract & Billing | F228: Relocation Requests | G228: Medium | H228: Jack | I228: Billing Team | J228: 1.9 | K228: 8 | L228: Yes | M228: 5 | N228: No | O228: Closed | P228: Fixed | Q228: South
A229: TKT000228 | B229: Reliance Ltd | C229: 03/17/2026 13:38 | D229: 03/18/2026 04:08 | E229: Hardware & Mechanical | F229: Parts Wear | G229: Medium | H229: Michael | I229: Field Support | J229: 14.5 | K229: 8 | L229: No | M229: 3 | N229: No | O229: Closed | P229: Escalated | Q229: North
A230: TKT000229 | B230: Bajaj Finance Ltd | C230: 01/25/2026 11:10 | D230: 01/25/2026 18:34 | E230: Print Quality | F230: Color Calibration | G230: Low | H230: Emma | I230: Remote Support | J230: 7.4 | K230: 24 | L230: Yes | M230: 4 | N230: No | O230: Closed | P230: Fixed | Q230: East
A231: TKT000230 | B231: Amazon Ltd | C231: 03/20/2026 10:56 | D231: 03/20/2026 23:56 | E231: Connectivity & Software | F231: Driver & Setup | G231: Medium | H231: Jack | I231: Network Team | J231: 13 | K231: 8 | L231: No | M231: 3 | N231: No | O231: Closed | P231: Temporary Workaround | Q231: East
A232: TKT000231 | B232: Bharti Airtel Ltd | C232: 03/08/2026 15:43 | D232: 03/09/2026 06:07 | E232: Connectivity & Software | F232: Network Dropouts | G232: Low | H232: Tony | I232: Network Team | J232: 14.4 | K232: 24 | L232: Yes | N232: No | O232: Closed | P232: Fixed | Q232: West
A233: TKT000232 | B233: Reliance Ltd | C233: 01/29/2026 15:28 | D233: 01/30/2026 01:40 | E233: Connectivity & Software | F233: Network Dropouts | G233: Low | H233: Era | I233: Network Team | J233: 10.2 | K233: 24 | L233: Yes | M233: 5 | N233: No | O233: Closed | P233: Fixed | Q233: South
A234: TKT000233 | B234: Bajaj Finance Ltd | C234: 03/29/2026 12:21 | D234: 03/30/2026 02:03 | E234: Connectivity & Software | F234: Network Dropouts | G234: Low | H234: Michael | I234: Network Team | J234: 13.7 | K234: 24 | L234: Yes | M234: 4 | N234: No | O234: Closed | P234: Fixed | Q234: North
A235: TKT000234 | B235: Amazon Ltd | C235: 02/16/2026 17:09 | D235: 02/17/2026 11:15 | E235: Hardware & Mechanical | F235: Parts Wear | G235: Low | H235: Jack | I235: Field Support | J235: 18.1 | K235: 24 | L235: Yes | M235: 4 | N235: No | O235: Closed | P235: Fixed | Q235: West
A236: TKT000235 | B236: United Overseas Bank | C236: 03/01/2026 09:42 | D236: 03/01/2026 13:00 | E236: Contract & Billing | F236: Relocation Requests | G236: Medium | H236: Emma | I236: Billing Team | J236: 3.3 | K236: 8 | L236: No | M236: 3 | N236: Yes | O236: Closed | P236: Escalated | Q236: West
A237: TKT000236 | B237: Bajaj Finance Ltd | C237: 02/13/2026 15:36 | D237: 02/14/2026 01:42 | E237: Connectivity & Software | F237: Network Dropouts | G237: Low | H237: Tony | I237: Network Team | J237: 10.1 | K237: 24 | L237: Yes | N237: No | O237: Closed | P237: Fixed | Q237: East
A238: TKT000237 | B238: Tata Consultancy Services Ltd | C238: 03/17/2026 11:12 | D238: 03/17/2026 20:36 | E238: Supplies & Logistics | F238: Toner Replenishment | G238: High | H238: Michael | I238: Logistics Team | J238: 9.4 | K238: 4 | L238: No | M238: 2 | N238: No | O238: Closed | P238: Escalated | Q238: West
A239: TKT000238 | B239: ICICI Bank Ltd | C239: 02/06/2026 16:33 | D239: 02/07/2026 02:03 | E239: Connectivity & Software | F239: Driver & Setup | G239: Medium | H239: Judy | I239: Network Team | J239: 9.5 | K239: 8 | L239: No | M239: 2 | N239: Yes | O239: Closed | P239: Escalated | Q239: East
A240: TKT000239 | B240: Hindustan Unilever Ltd | C240: 03/18/2026 14:43 | D240: 03/19/2026 05:13 | E240: Connectivity & Software | F240: Network Dropouts | G240: Medium | H240: James | I240: Network Team | J240: 14.5 | K240: 8 | L240: No | M240: 2 | N240: No | O240: Closed | P240: Temporary Workaround | Q240: North
A241: TKT000240 | B241: Bharti Airtel Ltd | C241: 01/21/2026 13:19 | D241: 01/21/2026 17:19 | E241: Supplies & Logistics | F241: Toner Replenishment | G241: Medium | H241: Tony | I241: Logistics Team | J241: 4 | K241: 8 | L241: Yes | M241: 5 | N241: No | O241: Closed | P241: Fixed | Q241: North
A242: TKT000241 | B242: Tata Consultancy Services Ltd | C242: 01/02/2026 14:03 | D242: 01/03/2026 02:21 | E242: Connectivity & Software | F242: Network Dropouts | G242: High | H242: Mary | I242: Network Team | J242: 12.3 | K242: 4 | L242: No | M242: 3 | N242: Yes | O242: Closed | P242: Escalated | Q242: North
A243: TKT000242 | B243: LIC Corp Ltd | C243: 03/09/2026 12:05 | D243: 03/09/2026 21:59 | E243: Connectivity & Software | F243: Scan-to-Email | G243: Low | H243: Tina | I243: Network Team | J243: 9.9 | K243: 24 | L243: Yes | M243: 4 | N243: No | O243: Closed | P243: Fixed | Q243: North
A244: TKT000243 | B244: Bharti Airtel Ltd | C244: 03/31/2026 10:19 | D244: 04/01/2026 00:37 | E244: Connectivity & Software | F244: Driver & Setup | G244: High | H244: James | I244: Network Team | J244: 14.3 | K244: 4 | L244: No | M244: 1 | N244: No | O244: Closed | P244: Temporary Workaround | Q244: East
A245: TKT000244 | B245: HDFC Bank Ltd | C245: 03/26/2026 16:03 | D245: 03/27/2026 05:39 | E245: Hardware & Mechanical | F245: Parts Wear | G245: Medium | H245: Era | I245: Field Support | J245: 13.6 | K245: 8 | L245: No | M245: 2 | N245: No | O245: Closed | P245: Escalated | Q245: West
A246: TKT000245 | B246: Amazon Ltd | C246: 03/26/2026 08:58 | D246: 03/27/2026 00:22 | E246: Print Quality | F246: Defective Prints | G246: High | H246: Michael | I246: Remote Support | J246: 15.4 | K246: 4 | L246: No | M246: 1 | N246: Yes | O246: Closed | P246: Temporary Workaround | Q246: East
A247: TKT000246 | B247: HDFC Bank Ltd | C247: 02/21/2026 10:50 | D247: 02/21/2026 20:50 | E247: Print Quality | F247: Finishing Errors | G247: Medium | H247: Mary | I247: Field Support | J247: 10 | K247: 8 | L247: No | M247: 1 | N247: No | O247: Closed | P247: Escalated | Q247: North
...

Sheet Data Cleaned
A1: Ticket_ID | B1: Account | C1: Created_Date | D1: Closed_Date | E1: Category | F1: Sub_Category | G1: Priority | H1: Agent | I1: Department | J1: Resolution_Time_Hrs | K1: SLA_Target_Hrs | L1: SLA_Met | M1: Customer_Rating | N1: Reopened | O1: Ticket_Status | P1: Resolution_Type | Q1: Region | R1: Calculated_SLA | S1: SLA_Mismatch | T1: SLA_Score | U1: Sub_Category_Validation | V1: Expected_Category | W1: Category_Match
A2: TKT000001 | B2: United Overseas Bank | C2: 03/17/2026 16:23 | D2: 03/18/2026 07:35 | E2: Connectivity & Software | F2: Network Dropouts | G2: Low | H2: Michael | I2: Network Team | J2: 15.2 | K2: 24 | L2: Yes | M2: 4 | N2: No | O2: Closed | P2: Fixed | Q2: South | R2: =IF(Table1[[#This Row],[Resolution_Time_Hrs]]>Table1[[#This Row],[SLA_Target_Hrs]],"No", "Yes") -> Yes | S2: =IF(Table1[[#This Row],[Calculated_SLA]]=Table1[[#This Row],[SLA_Met]],"Match","Mismatch") -> Match | T2: =IF(Table1[[#This Row],[Calculated_SLA]]="Yes",1,0) -> 1 | U2: =IF(COUNTIFS(Reference_data!A:A,Table1[[#This Row],[Category]],Reference_data!B:B,Table1[[#This Row],[Sub_Category]])>0,"Valid","Invalid") -> Valid | V2: =_xlfn.XLOOKUP([1]!Table1[[#This Row],[Sub_Category]],[1]Reference_data!B:B,[1]Reference_data!A:A) -> Connectivity & Software | W2: =IF([1]!Table1[[#This Row],[Category]]=[1]!Table1[[#This Row],[Expected_Category ]],"Valid", "invalid") -> Valid
A3: TKT000002 | B3: Amazon Ltd | C3: 03/21/2026 13:21 | D3: 03/21/2026 18:21 | E3: Print Quality | F3: Finishing Errors | G3: Low | H3: Tina | I3: Field Support | J3: 5 | K3: 24 | L3: No | M3: 3 | N3: Yes | O3: Closed | P3: Temporary Workaround | Q3: West | R3: =IF(Table1[[#This Row],[Resolution_Time_Hrs]]>Table1[[#This Row],[SLA_Target_Hrs]],"No", "Yes") -> Yes | S3: =IF(Table1[[#This Row],[Calculated_SLA]]=Table1[[#This Row],[SLA_Met]],"Match","Mismatch") -> Mismatch | T3: =IF(Table1[[#This Row],[Calculated_SLA]]="Yes",1,0) -> 1 | U3: =IF(COUNTIFS(Reference_data!A:A,Table1[[#This Row],[Category]],Reference_data!B:B,Table1[[#This Row],[Sub_Category]])>0,"Valid","Invalid") -> Valid | V3: =_xlfn.XLOOKUP([1]!Table1[[#This Row],[Sub_Category]],[1]Reference_data!B:B,[1]Reference_data!A:A) -> Print Quality | W3: =IF([1]!Table1[[#This Row],[Category]]=[1]!Table1[[#This Row],[Expected_Category ]],"Valid", "invalid") -> Valid
A4: TKT000003 | B4: Tata Consultancy Services Ltd | C4: 03/25/2026 14:44 | D4: 03/25/2026 18:02 | E4: Contract & Billing | F4: Relocation Requests | G4: Medium | H4: Emma | I4: Billing Team | J4: 3.3 | K4: 8 | L4: Yes | M4: 4 | N4: No | O4: Closed | P4: Fixed | Q4: South | R4: =IF(Table1[[#This Row],[Resolution_Time_Hrs]]>Table1[[#This Row],[SLA_Target_Hrs]],"No", "Yes") -> Yes | S4: =IF(Table1[[#This Row],[Calculated_SLA]]=Table1[[#This Row],[SLA_Met]],"Match","Mismatch") -> Match | T4: =IF(Table1[[#This Row],[Calculated_SLA]]="Yes",1,0) -> 1 | U4: =IF(COUNTIFS(Reference_data!A:A,Table1[[#This Row],[Category]],Reference_data!B:B,Table1[[#This Row],[Sub_Category]])>0,"Valid","Invalid") -> Valid | V4: =_xlfn.XLOOKUP([1]!Table1[[#This Row],[Sub_Category]],[1]Reference_data!B:B,[1]Reference_data!A:A) -> Contract & Billing | W4: =IF([1]!Table1[[#This Row],[Category]]=[1]!Table1[[#This Row],[Expected_Category ]],"Valid", "invalid") -> Valid
A5: TKT000004 | B5: HDFC Bank Ltd | C5: 03/22/2026 08:20 | D5: 03/22/2026 15:14 | E5: Print Quality | F5: Color Calibration | G5: High | H5: James | I5: Remote Support | J5: 6.9 | K5: 4 | L5: No | M5: 1 | N5: No | O5: Closed | P5: Escalated | Q5: North | R5: =IF(Table1[[#This Row],[Resolution_Time_Hrs]]>Table1[[#This Row],[SLA_Target_Hrs]],"No", "Yes") -> No | S5: =IF(Table1[[#This Row],[Calculated_SLA]]=Table1[[#This Row],[SLA_Met]],"Match","Mismatch") -> Match | T5: =IF(Table1[[#This Row],[Calculated_SLA]]="Yes",1,0) -> 0 | U5: =IF(COUNTIFS(Reference_data!A:A,Table1[[#This Row],[Category]],Reference_data!B:B,Table1[[#This Row],[Sub_Category]])>0,"Valid","Invalid") -> Valid | V5: =_xlfn.XLOOKUP([1]!Table1[[#This Row],[Sub_Category]],[1]Reference_data!B:B,[1]Reference_data!A:A) -> Print Quality | W5: =IF([1]!Table1[[#This Row],[Category]]=[1]!Table1[[#This Row],[Expected_Category ]],"Valid", "invalid") -> Valid
A6: TKT000005 | B6: ICICI Bank Ltd | C6: 01/27/2026 12:34 | D6: 01/27/2026 22:40 | E6: Connectivity & Software | F6: Driver & Setup | G6: Medium | H6: Sarah | I6: Network Team | J6: 10.1 | K6: 8 | L6: No | M6: 1 | N6: No | O6: Closed | P6: Temporary Workaround | Q6: North | R6: =IF(Table1[[#This Row],[Resolution_Time_Hrs]]>Table1[[#This Row],[SLA_Target_Hrs]],"No", "Yes") -> No | S6: =IF(Table1[[#This Row],[Calculated_SLA]]=Table1[[#This Row],[SLA_Met]],"Match","Mismatch") -> Match | T6: =IF(Table1[[#This Row],[Calculated_SLA]]="Yes",1,0) -> 0 | U6: =IF(COUNTIFS(Reference_data!A:A,Table1[[#This Row],[Category]],Reference_data!B:B,Table1[[#This Row],[Sub_Category]])>0,"Valid","Invalid") -> Valid | V6: =_xlfn.XLOOKUP([1]!Table1[[#This Row],[Sub_Category]],[1]Reference_data!B:B,[1]Reference_data!A:A) -> Connectivity & Software | W6: =IF([1]!Table1[[#This Row],[Category]]=[1]!Table1[[#This Row],[Expected_Category ]],"Valid", "invalid") -> Valid
A7: TKT000006 | B7: LIC Corp Ltd | C7: 01/17/2026 11:58 | D7: 01/17/2026 23:58 | E7: Connectivity & Software | F7: Scan-to-Email | G7: Medium | H7: Judy | I7: Network Team | J7: 12 | K7: 8 | L7: No | M7: 3 | N7: No | O7: Closed | P7: Escalated | Q7: West | R7: =IF(Table1[[#This Row],[Resolution_Time_Hrs]]>Table1[[#This Row],[SLA_Target_Hrs]],"No", "Yes") -> No | S7: =IF(Table1[[#This Row],[Calculated_SLA]]=Table1[[#This Row],[SLA_Met]],"Match","Mismatch") -> Match | T7: =IF(Table1[[#This Row],[Calculated_SLA]]="Yes",1,0) -> 0 | U7: =IF(COUNTIFS(Reference_data!A:A,Table1[[#This Row],[Category]],Reference_data!B:B,Table1[[#This Row],[Sub_Category]])>0,"Valid","Invalid") -> Valid | V7: =_xlfn.XLOOKUP([1]!Table1[[#This Row],[Sub_Category]],[1]Reference_data!B:B,[1]Reference_data!A:A) -> Connectivity & Software | W7: =IF([1]!Table1[[#This Row],[Category]]=[1]!Table1[[#This Row],[Expected_Category ]],"Valid", "invalid") -> Valid
A8: TKT000007 | B8: Amazon Ltd | C8: 03/17/2026 13:05 | D8: 03/17/2026 17:59 | E8: Connectivity & Software | F8: Scan-to-Email | G8: Medium | H8: Emma | I8: Network Team | J8: 4.9 | K8: 8 | L8: Yes | M8: 4 | N8: No | O8: Closed | P8: Fixed | Q8: West | R8: =IF(Table1[[#This Row],[Resolution_Time_Hrs]]>Table1[[#This Row],[SLA_Target_Hrs]],"No", "Yes") -> Yes | S8: =IF(Table1[[#This Row],[Calculated_SLA]]=Table1[[#This Row],[SLA_Met]],"Match","Mismatch") -> Match | T8: =IF(Table1[[#This Row],[Calculated_SLA]]="Yes",1,0) -> 1 | U8: =IF(COUNTIFS(Reference_data!A:A,Table1[[#This Row],[Category]],Reference_data!B:B,Table1[[#This Row],[Sub_Category]])>0,"Valid","Invalid") -> Valid | V8: =_xlfn.XLOOKUP([1]!Table1[[#This Row],[Sub_Category]],[1]Reference_data!B:B,[1]Reference_data!A:A) -> Connectivity & Software | W8: =IF([1]!Table1[[#This Row],[Category]]=[1]!Table1[[#This Row],[Expected_Category ]],"Valid", "invalid") -> Valid
A9: TKT000008 | B9: Reliance Ltd | C9: 03/20/2026 14:09 | D9: 03/21/2026 03:39 | E9: Hardware & Mechanical | F9: Device Errors | G9: Medium | H9: Judy | I9: Hardware Team | J9: 13.5 | K9: 8 | L9: No | M9: 1 | N9: No | O9: Closed | P9: Temporary Workaround | Q9: West | R9: =IF(Table1[[#This Row],[Resolution_Time_Hrs]]>Table1[[#This Row],[SLA_Target_Hrs]],"No", "Yes") -> No | S9: =IF(Table1[[#This Row],[Calculated_SLA]]=Table1[[#This Row],[SLA_Met]],"Match","Mismatch") -> Match | T9: =IF(Table1[[#This Row],[Calculated_SLA]]="Yes",1,0) -> 0 | U9: =IF(COUNTIFS(Reference_data!A:A,Table1[[#This Row],[Category]],Reference_data!B:B,Table1[[#This Row],[Sub_Category]])>0,"Valid","Invalid") -> Valid | V9: =_xlfn.XLOOKUP([1]!Table1[[#This Row],[Sub_Category]],[1]Reference_data!B:B,[1]Reference_data!A:A) -> Hardware & Mechanical | W9: =IF([1]!Table1[[#This Row],[Category]]=[1]!Table1[[#This Row],[Expected_Category ]],"Valid", "invalid") -> Valid
A10: TKT000009 | B10: Amazon Ltd | C10: 03/17/2026 13:30 | D10: 03/17/2026 23:00 | E10: Supplies & Logistics | F10: Paper Supply | G10: Medium | H10: Mary | I10: Logistics Team | J10: 9.5 | K10: 8 | L10: No | M10: 3 | N10: No | O10: Closed | P10: Temporary Workaround | Q10: West | R10: =IF(Table1[[#This Row],[Resolution_Time_Hrs]]>Table1[[#This Row],[SLA_Target_Hrs]],"No", "Yes") -> No | S10: =IF(Table1[[#This Row],[Calculated_SLA]]=Table1[[#This Row],[SLA_Met]],"Match","Mismatch") -> Match | T10: =IF(Table1[[#This Row],[Calculated_SLA]]="Yes",1,0) -> 0 | U10: =IF(COUNTIFS(Reference_data!A:A,Table1[[#This Row],[Category]],Reference_data!B:B,Table1[[#This Row],[Sub_Category]])>0,"Valid","Invalid") -> Valid | V10: =_xlfn.XLOOKUP([1]!Table1[[#This Row],[Sub_Category]],[1]Reference_data!B:B,[1]Reference_data!A:A) -> Supplies & Logistics | W10: =IF([1]!Table1[[#This Row],[Category]]=[1]!Table1[[#This Row],[Expected_Category ]],"Valid", "invalid") -> Valid
A11: TKT000010 | B11: Amazon Ltd | C11: 02/09/2026 13:38 | D11: 02/10/2026 04:26 | E11: Connectivity & Software | F11: Network Dropouts | G11: High | H11: Tony | I11: Network Team | J11: 14.8 | K11: 4 | L11: No | M11: 2 | N11: No | O11: Closed | P11: Escalated | Q11: North | R11: =IF(Table1[[#This Row],[Resolution_Time_Hrs]]>Table1[[#This Row],[SLA_Target_Hrs]],"No", "Yes") -> No | S11: =IF(Table1[[#This Row],[Calculated_SLA]]=Table1[[#This Row],[SLA_Met]],"Match","Mismatch") -> Match | T11: =IF(Table1[[#This Row],[Calculated_SLA]]="Yes",1,0) -> 0 | U11: =IF(COUNTIFS(Reference_data!A:A,Table1[[#This Row],[Category]],Reference_data!B:B,Table1[[#This Row],[Sub_Category]])>0,"Valid","Invalid") -> Valid | V11: =_xlfn.XLOOKUP([1]!Table1[[#This Row],[Sub_Category]],[1]Reference_data!B:B,[1]Reference_data!A:A) -> Connectivity & Software | W11: =IF([1]!Table1[[#This Row],[Category]]=[1]!Table1[[#This Row],[Expected_Category ]],"Valid", "invalid") -> Valid
A12: TKT000011 | B12: HDFC Bank Ltd | C12: 03/09/2026 13:05 | D12: 03/10/2026 03:35 | E12: Hardware & Mechanical | F12: Device Errors | G12: Low | H12: Mary | I12: Hardware Team | J12: 14.5 | K12: 24 | L12: Yes | M12: 4 | N12: No | O12: Closed | P12: Fixed | Q12: West | R12: =IF(Table1[[#This Row],[Resolution_Time_Hrs]]>Table1[[#This Row],[SLA_Target_Hrs]],"No", "Yes") -> Yes | S12: =IF(Table1[[#This Row],[Calculated_SLA]]=Table1[[#This Row],[SLA_Met]],"Match","Mismatch") -> Match | T12: =IF(Table1[[#This Row],[Calculated_SLA]]="Yes",1,0) -> 1 | U12: =IF(COUNTIFS(Reference_data!A:A,Table1[[#This Row],[Category]],Reference_data!B:B,Table1[[#This Row],[Sub_Category]])>0,"Valid","Invalid") -> Valid | V12: =_xlfn.XLOOKUP([1]!Table1[[#This Row],[Sub_Category]],[1]Reference_data!B:B,[1]Reference_data!A:A) -> Hardware & Mechanical | W12: =IF([1]!Table1[[#This Row],[Category]]=[1]!Table1[[#This Row],[Expected_Category ]],"Valid", "invalid") -> Valid
A13: TKT000012 | B13: Amazon Ltd | C13: 03/05/2026 16:21 | D13: 03/06/2026 05:09 | E13: Connectivity & Software | F13: Network Dropouts | G13: Medium | H13: James | I13: Network Team | J13: 12.8 | K13: 8 | L13: No | M13: 2 | N13: No | O13: Closed | P13: Escalated | Q13: West | R13: =IF(Table1[[#This Row],[Resolution_Time_Hrs]]>Table1[[#This Row],[SLA_Target_Hrs]],"No", "Yes") -> No | S13: =IF(Table1[[#This Row],[Calculated_SLA]]=Table1[[#This Row],[SLA_Met]],"Match","Mismatch") -> Match | T13: =IF(Table1[[#This Row],[Calculated_SLA]]="Yes",1,0) -> 0 | U13: =IF(COUNTIFS(Reference_data!A:A,Table1[[#This Row],[Category]],Reference_data!B:B,Table1[[#This Row],[Sub_Category]])>0,"Valid","Invalid") -> Valid | V13: =_xlfn.XLOOKUP([1]!Table1[[#This Row],[Sub_Category]],[1]Reference_data!B:B,[1]Reference_data!A:A) -> Connectivity & Software | W13: =IF([1]!Table1[[#This Row],[Category]]=[1]!Table1[[#This Row],[Expected_Category ]],"Valid", "invalid") -> Valid
... A18: TKT000017 | B18: HDFC Bank Ltd | C18: 02/15/2026 15:34 | D18: 02/15/2026 20:46 | E18: Supplies & Logistics | F18: Toner Replenishment | G18: Medium | H18: Judy | I18: Logistics Team | J18: 5.2 | K18: 8 | L18: Yes | M18: 4 | N18: No | O18: Closed | P18: Fixed | Q18: North | R18: =IF(Table1[[#This Row],[Resolution_Time_Hrs]]>Table1[[#This Row],[SLA_Target_Hrs]],"No", "Yes") -> Yes | S18: =IF(Table1[[#This Row],[Calculated_SLA]]=Table1[[#This Row],[SLA_Met]],"Match","Mismatch") -> Match | T18: =IF(Table1[[#This Row],[Calculated_SLA]]="Yes",1,0) -> 1 | U18: =IF(COUNTIFS(Reference_data!A:A,Table1[[#This Row],[Category]],Reference_data!B:B,Table1[[#This Row],[Sub_Category]])>0,"Valid","Invalid") -> Valid | V18: =_xlfn.XLOOKUP([1]!Table1[[#This Row],[Sub_Category]],[1]Reference_data!B:B,[1]Reference_data!A:A) -> Supplies & Logistics | W18: =IF([1]!Table1[[#This Row],[Category]]=[1]!Table1[[#This Row],[Expected_Category ]],"Valid", "invalid") -> Valid
A19: TKT000018 | B19: HDFC Bank Ltd | C19: 01/06/2026 12:05 | D19: 01/06/2026 21:17 | E19: Hardware & Mechanical | F19: Device Errors | G19: Medium | H19: Sarah | I19: Hardware Team | J19: 9.2 | K19: 8 | L19: No | N19: Yes | O19: Closed | P19: Escalated | Q19: West | R19: =IF(Table1[[#This Row],[Resolution_Time_Hrs]]>Table1[[#This Row],[SLA_Target_Hrs]],"No", "Yes") -> No | S19: =IF(Table1[[#This Row],[Calculated_SLA]]=Table1[[#This Row],[SLA_Met]],"Match","Mismatch") -> Match | T19: =IF(Table1[[#This Row],[Calculated_SLA]]="Yes",1,0) -> 0 | U19: =IF(COUNTIFS(Reference_data!A:A,Table1[[#This Row],[Category]],Reference_data!B:B,Table1[[#This Row],[Sub_Category]])>0,"Valid","Invalid") -> Valid | V19: =_xlfn.XLOOKUP([1]!Table1[[#This Row],[Sub_Category]],[1]Reference_data!B:B,[1]Reference_data!A:A) -> Hardware & Mechanical | W19: =IF([1]!Table1[[#This Row],[Category]]=[1]!Table1[[#This Row],[Expected_Category ]],"Valid", "invalid") -> Valid
A20: TKT000019 | B20: Bajaj Finance Ltd | C20: 03/13/2026 08:19 | D20: 03/13/2026 14:55 | E20: Connectivity & Software | F20: Driver & Setup | G20: Medium | H20: James | I20: Network Team | J20: 6.6 | K20: 8 | L20: Yes | M20: 4 | N20: No | O20: Closed | P20: Fixed | Q20: East | R20: =IF(Table1[[#This Row],[Resolution_Time_Hrs]]>Table1[[#This Row],[SLA_Target_Hrs]],"No", "Yes") -> Yes | S20: =IF(Table1[[#This Row],[Calculated_SLA]]=Table1[[#This Row],[SLA_Met]],"Match","Mismatch") -> Match | T20: =IF(Table1[[#This Row],[Calculated_SLA]]="Yes",1,0) -> 1 | U20: =IF(COUNTIFS(Reference_data!A:A,Table1[[#This Row],[Category]],Reference_data!B:B,Table1[[#This Row],[Sub_Category]])>0,"Valid","Invalid") -> Valid | V20: =_xlfn.XLOOKUP([1]!Table1[[#This Row],[Sub_Category]],[1]Reference_data!B:B,[1]Reference_data!A:A) -> Connectivity & Software | W20: =IF([1]!Table1[[#This Row],[Category]]=[1]!Table1[[#This Row],[Expected_Category ]],"Valid", "invalid") -> Valid
A21: TKT000020 | B21: HDFC Bank Ltd | C21: 01/07/2026 12:12 | D21: 01/07/2026 17:18 | E21: Print Quality | F21: Defective Prints | G21: Medium | H21: James | I21: Remote Support | J21: 5.1 | K21: 8 | L21: Yes | M21: 4 | N21: No | O21: Closed | P21: Fixed | Q21: West | R21: =IF(Table1[[#This Row],[Resolution_Time_Hrs]]>Table1[[#This Row],[SLA_Target_Hrs]],"No", "Yes") -> Yes | S21: =IF(Table1[[#This Row],[Calculated_SLA]]=Table1[[#This Row],[SLA_Met]],"Match","Mismatch") -> Match | T21: =IF(Table1[[#This Row],[Calculated_SLA]]="Yes",1,0) -> 1 | U21: =IF(COUNTIFS(Reference_data!A:A,Table1[[#This Row],[Category]],Reference_data!B:B,Table1[[#This Row],[Sub_Category]])>0,"Valid","Invalid") -> Valid | V21: =_xlfn.XLOOKUP([1]!Table1[[#This Row],[Sub_Category]],[1]Reference_data!B:B,[1]Reference_data!A:A) -> Print Quality | W21: =IF([1]!Table1[[#This Row],[Category]]=[1]!Table1[[#This Row],[Expected_Category ]],"Valid", "invalid") -> Valid
A22: TKT000021 | B22: Amazon Ltd | C22: 01/17/2026 13:16 | D22: 01/17/2026 22:52 | E22: Connectivity & Software | F22: Network Dropouts | G22: Low | H22: Emma | I22: Network Team | J22: 9.6 | K22: 24 | L22: Yes | M22: 4 | N22: No | O22: Closed | P22: Fixed | Q22: West | R22: =IF(Table1[[#This Row],[Resolution_Time_Hrs]]>Table1[[#This Row],[SLA_Target_Hrs]],"No", "Yes") -> Yes | S22: =IF(Table1[[#This Row],[Calculated_SLA]]=Table1[[#This Row],[SLA_Met]],"Match","Mismatch") -> Match | T22: =IF(Table1[[#This Row],[Calculated_SLA]]="Yes",1,0) -> 1 | U22: =IF(COUNTIFS(Reference_data!A:A,Table1[[#This Row],[Category]],Reference_data!B:B,Table1[[#This Row],[Sub_Category]])>0,"Valid","Invalid") -> Valid | V22: =_xlfn.XLOOKUP([1]!Table1[[#This Row],[Sub_Category]],[1]Reference_data!B:B,[1]Reference_data!A:A) -> Connectivity & Software | W22: =IF([1]!Table1[[#This Row],[Category]]=[1]!Table1[[#This Row],[Expected_Category ]],"Valid", "invalid") -> Valid
A23: TKT000022 | B23: Bajaj Finance Ltd | C23: 02/21/2026 11:24 | D23: 02/21/2026 18:48 | E23: Supplies & Logistics | F23: Paper Supply | G23: Low | H23: Judy | I23: Logistics Team | J23: 7.4 | K23: 24 | L23: Yes | M23: 5 | N23: No | O23: Closed | P23: Fixed | Q23: North | R23: =IF(Table1[[#This Row],[Resolution_Time_Hrs]]>Table1[[#This Row],[SLA_Target_Hrs]],"No", "Yes") -> Yes | S23: =IF(Table1[[#This Row],[Calculated_SLA]]=Table1[[#This Row],[SLA_Met]],"Match","Mismatch") -> Match | T23: =IF(Table1[[#This Row],[Calculated_SLA]]="Yes",1,0) -> 1 | U23: =IF(COUNTIFS(Reference_data!A:A,Table1[[#This Row],[Category]],Reference_data!B:B,Table1[[#This Row],[Sub_Category]])>0,"Valid","Invalid") -> Valid | V23: =_xlfn.XLOOKUP([1]!Table1[[#This Row],[Sub_Category]],[1]Reference_data!B:B,[1]Reference_data!A:A) -> Supplies & Logistics | W23: =IF([1]!Table1[[#This Row],[Category]]=[1]!Table1[[#This Row],[Expected_Category ]],"Valid", "invalid") -> Valid
A24: TKT000023 | B24: Bharti Airtel Ltd | C24: 02/12/2026 11:08 | D24: 02/12/2026 20:14 | E24: Print Quality | F24: Color Calibration | G24: Medium | H24: Jack | I24: Remote Support | J24: 9.1 | K24: 8 | L24: No | N24: Yes | O24: Closed | P24: Temporary Workaround | Q24: East | R24: =IF(Table1[[#This Row],[Resolution_Time_Hrs]]>Table1[[#This Row],[SLA_Target_Hrs]],"No", "Yes") -> No | S24: =IF(Table1[[#This Row],[Calculated_SLA]]=Table1[[#This Row],[SLA_Met]],"Match","Mismatch") -> Match | T24: =IF(Table1[[#This Row],[Calculated_SLA]]="Yes",1,0) -> 0 | U24: =IF(COUNTIFS(Reference_data!A:A,Table1[[#This Row],[Category]],Reference_data!B:B,Table1[[#This Row],[Sub_Category]])>0,"Valid","Invalid") -> Valid | V24: =_xlfn.XLOOKUP([1]!Table1[[#This Row],[Sub_Category]],[1]Reference_data!B:B,[1]Reference_data!A:A) -> Print Quality | W24: =IF([1]!Table1[[#This Row],[Category]]=[1]!Table1[[#This Row],[Expected_Category ]],"Valid", "invalid") -> Valid
A25: TKT000024 | B25: Bajaj Finance Ltd | C25: 02/21/2026 17:41 | D25: 02/22/2026 01:41 | E25: Print Quality | F25: Color Calibration | G25: Medium | H25: Tony | I25: Remote Support | J25: 8 | K25: 8 | L25: Yes | M25: 5 | N25: No | O25: Closed | P25: Fixed | Q25: South | R25: =IF(Table1[[#This Row],[Resolution_Time_Hrs]]>Table1[[#This Row],[SLA_Target_Hrs]],"No", "Yes") -> Yes | S25: =IF(Table1[[#This Row],[Calculated_SLA]]=Table1[[#This Row],[SLA_Met]],"Match","Mismatch") -> Match | T25: =IF(Table1[[#This Row],[Calculated_SLA]]="Yes",1,0) -> 1 | U25: =IF(COUNTIFS(Reference_data!A:A,Table1[[#This Row],[Category]],Reference_data!B:B,Table1[[#This Row],[Sub_Category]])>0,"Valid","Invalid") -> Valid | V25: =_xlfn.XLOOKUP([1]!Table1[[#This Row],[Sub_Category]],[1]Reference_data!B:B,[1]Reference_data!A:A) -> Print Quality | W25: =IF([1]!Table1[[#This Row],[Category]]=[1]!Table1[[#This Row],[Expected_Category ]],"Valid", "invalid") -> Valid
A26: TKT000025 | B26: Amazon Ltd | C26: 02/16/2026 13:05 | D26: 02/17/2026 03:47 | E26: Connectivity & Software | F26: Scan-to-Email | G26: Medium | H26: James | I26: Network Team | J26: 14.7 | K26: 8 | L26: No | M26: 1 | N26: Yes | O26: Closed | P26: Temporary Workaround | Q26: East | R26: =IF(Table1[[#This Row],[Resolution_Time_Hrs]]>Table1[[#This Row],[SLA_Target_Hrs]],"No", "Yes") -> No | S26: =IF(Table1[[#This Row],[Calculated_SLA]]=Table1[[#This Row],[SLA_Met]],"Match","Mismatch") -> Match | T26: =IF(Table1[[#This Row],[Calculated_SLA]]="Yes",1,0) -> 0 | U26: =IF(COUNTIFS(Reference_data!A:A,Table1[[#This Row],[Category]],Reference_data!B:B,Table1[[#This Row],[Sub_Category]])>0,"Valid","Invalid") -> Valid | V26: =_xlfn.XLOOKUP([1]!Table1[[#This Row],[Sub_Category]],[1]Reference_data!B:B,[1]Reference_data!A:A) -> Connectivity & Software | W26: =IF([1]!Table1[[#This Row],[Category]]=[1]!Table1[[#This Row],[Expected_Category ]],"Valid", "invalid") -> Valid
A27: TKT000026 | B27: Bharti Airtel Ltd | C27: 03/25/2026 17:10 | D27: 03/26/2026 02:22 | E27: Supplies & Logistics | F27: Toner Replenishment | G27: Medium | H27: Tony | I27: Logistics Team | J27: 9.2 | K27: 8 | L27: No | M27: 3 | N27: No | O27: Closed | P27: Escalated | Q27: East | R27: =IF(Table1[[#This Row],[Resolution_Time_Hrs]]>Table1[[#This Row],[SLA_Target_Hrs]],"No", "Yes") -> No | S27: =IF(Table1[[#This Row],[Calculated_SLA]]=Table1[[#This Row],[SLA_Met]],"Match","Mismatch") -> Match | T27: =IF(Table1[[#This Row],[Calculated_SLA]]="Yes",1,0) -> 0 | U27: =IF(COUNTIFS(Reference_data!A:A,Table1[[#This Row],[Category]],Reference_data!B:B,Table1[[#This Row],[Sub_Category]])>0,"Valid","Invalid") -> Valid | V27: =_xlfn.XLOOKUP([1]!Table1[[#This Row],[Sub_Category]],[1]Reference_data!B:B,[1]Reference_data!A:A) -> Supplies & Logistics | W27: =IF([1]!Table1[[#This Row],[Category]]=[1]!Table1[[#This Row],[Expected_Category ]],"Valid", "invalid") -> Valid
A28: TKT000027 | B28: Reliance Ltd | C28: 03/18/2026 14:55 | D28: 03/18/2026 21:13 | E28: Print Quality | F28: Color Calibration | G28: Low | H28: Sarah | I28: Remote Support | J28: 6.3 | K28: 24 | L28: Yes | M28: 4 | N28: No | O28: Closed | P28: Fixed | Q28: East | R28: =IF(Table1[[#This Row],[Resolution_Time_Hrs]]>Table1[[#This Row],[SLA_Target_Hrs]],"No", "Yes") -> Yes | S28: =IF(Table1[[#This Row],[Calculated_SLA]]=Table1[[#This Row],[SLA_Met]],"Match","Mismatch") -> Match | T28: =IF(Table1[[#This Row],[Calculated_SLA]]="Yes",1,0) -> 1 | U28: =IF(COUNTIFS(Reference_data!A:A,Table1[[#This Row],[Category]],Reference_data!B:B,Table1[[#This Row],[Sub_Category]])>0,"Valid","Invalid") -> Valid | V28: =_xlfn.XLOOKUP([1]!Table1[[#This Row],[Sub_Category]],[1]Reference_data!B:B,[1]Reference_data!A:A) -> Print Quality | W28: =IF([1]!Table1[[#This Row],[Category]]=[1]!Table1[[#This Row],[Expected_Category ]],"Valid", "invalid") -> Valid
A29: TKT000028 | B29: Bharti Airtel Ltd | C29: 01/14/2026 16:06 | D29: 01/15/2026 01:36 | E29: Connectivity & Software | F29: Network Dropouts | G29: Medium | H29: Sarah | I29: Network Team | J29: 9.5 | K29: 8 | L29: No | M29: 3 | N29: Yes | O29: Closed | P29: Temporary Workaround | Q29: West | R29: =IF(Table1[[#This Row],[Resolution_Time_Hrs]]>Table1[[#This Row],[SLA_Target_Hrs]],"No", "Yes") -> No | S29: =IF(Table1[[#This Row],[Calculated_SLA]]=Table1[[#This Row],[SLA_Met]],"Match","Mismatch") -> Match | T29: =IF(Table1[[#This Row],[Calculated_SLA]]="Yes",1,0) -> 0 | U29: =IF(COUNTIFS(Reference_data!A:A,Table1[[#This Row],[Category]],Reference_data!B:B,Table1[[#This Row],[Sub_Category]])>0,"Valid","Invalid") -> Valid | V29: =_xlfn.XLOOKUP([1]!Table1[[#This Row],[Sub_Category]],[1]Reference_data!B:B,[1]Reference_data!A:A) -> Connectivity & Software | W29: =IF([1]!Table1[[#This Row],[Category]]=[1]!Table1[[#This Row],[Expected_Category ]],"Valid", "invalid") -> Valid
A30: TKT000029 | B30: Reliance Ltd | C30: 03/03/2026 13:49 | D30: 03/04/2026 02:13 | E30: Connectivity & Software | F30: Driver & Setup | G30: Low | H30: James | I30: Network Team | J30: 12.4 | K30: 24 | L30: No | M30: 3 | N30: Yes | O30: Closed | P30: Escalated | Q30: West | R30: =IF(Table1[[#This Row],[Resolution_Time_Hrs]]>Table1[[#This Row],[SLA_Target_Hrs]],"No", "Yes") -> Yes | S30: =IF(Table1[[#This Row],[Calculated_SLA]]=Table1[[#This Row],[SLA_Met]],"Match","Mismatch") -> Mismatch | T30: =IF(Table1[[#This Row],[Calculated_SLA]]="Yes",1,0) -> 1 | U30: =IF(COUNTIFS(Reference_data!A:A,Table1[[#This Row],[Category]],Reference_data!B:B,Table1[[#This Row],[Sub_Category]])>0,"Valid","Invalid") -> Valid | V30: =_xlfn.XLOOKUP([1]!Table1[[#This Row],[Sub_Category]],[1]Reference_data!B:B,[1]Reference_data!A:A) -> Connectivity & Software | W30: =IF([1]!Table1[[#This Row],[Category]]=[1]!Table1[[#This Row],[Expected_Category ]],"Valid", "invalid") -> Valid
A31: TKT000030 | B31: Tata Consultancy Services Ltd | C31: 01/20/2026 13:57 | D31: 01/21/2026 05:27 | E31: Hardware & Mechanical | F31: Device Errors | G31: Medium | H31: James | I31: Hardware Team | J31: 15.5 | K31: 8 | L31: No | M31: 1 | N31: No | O31: Closed | P31: Escalated | Q31: West | R31: =IF(Table1[[#This Row],[Resolution_Time_Hrs]]>Table1[[#This Row],[SLA_Target_Hrs]],"No", "Yes") -> No | S31: =IF(Table1[[#This Row],[Calculated_SLA]]=Table1[[#This Row],[SLA_Met]],"Match","Mismatch") -> Match | T31: =IF(Table1[[#This Row],[Calculated_SLA]]="Yes",1,0) -> 0 | U31: =IF(COUNTIFS(Reference_data!A:A,Table1[[#This Row],[Category]],Reference_data!B:B,Table1[[#This Row],[Sub_Category]])>0,"Valid","Invalid") -> Valid | V31: =_xlfn.XLOOKUP([1]!Table1[[#This Row],[Sub_Category]],[1]Reference_data!B:B,[1]Reference_data!A:A) -> Hardware & Mechanical | W31: =IF([1]!Table1[[#This Row],[Category]]=[1]!Table1[[#This Row],[Expected_Category ]],"Valid", "invalid") -> Valid
A32: TKT000031 | B32: Bharti Airtel Ltd | C32: 03/11/2026 09:08 | D32: 03/11/2026 14:56 | E32: Print Quality | F32: Defective Prints | G32: Medium | H32: Tony | I32: Remote Support | J32: 5.8 | K32: 8 | L32: Yes | M32: 4 | N32: No | O32: Closed | P32: Fixed | Q32: North | R32: =IF(Table1[[#This Row],[Resolution_Time_Hrs]]>Table1[[#This Row],[SLA_Target_Hrs]],"No", "Yes") -> Yes | S32: =IF(Table1[[#This Row],[Calculated_SLA]]=Table1[[#This Row],[SLA_Met]],"Match","Mismatch") -> Match | T32: =IF(Table1[[#This Row],[Calculated_SLA]]="Yes",1,0) -> 1 | U32: =IF(COUNTIFS(Reference_data!A:A,Table1[[#This Row],[Category]],Reference_data!B:B,Table1[[#This Row],[Sub_Category]])>0,"Valid","Invalid") -> Valid | V32: =_xlfn.XLOOKUP([1]!Table1[[#This Row],[Sub_Category]],[1]Reference_data!B:B,[1]Reference_data!A:A) -> Print Quality | W32: =IF([1]!Table1[[#This Row],[Category]]=[1]!Table1[[#This Row],[Expected_Category ]],"Valid", "invalid") -> Valid
A33: TKT000032 | B33: Bajaj Finance Ltd | C33: 03/13/2026 15:33 | D33: 03/14/2026 09:39 | E33: Hardware & Mechanical | F33: Paper Jam | G33: Medium | H33: Jack | I33: Hardware Team | J33: 18.1 | K33: 8 | L33: No | M33: 2 | N33: Yes | O33: Closed | P33: Escalated | Q33: West | R33: =IF(Table1[[#This Row],[Resolution_Time_Hrs]]>Table1[[#This Row],[SLA_Target_Hrs]],"No", "Yes") -> No | S33: =IF(Table1[[#This Row],[Calculated_SLA]]=Table1[[#This Row],[SLA_Met]],"Match","Mismatch") -> Match | T33: =IF(Table1[[#This Row],[Calculated_SLA]]="Yes",1,0) -> 0 | U33: =IF(COUNTIFS(Reference_data!A:A,Table1[[#This Row],[Category]],Reference_data!B:B,Table1[[#This Row],[Sub_Category]])>0,"Valid","Invalid") -> Valid | V33: =_xlfn.XLOOKUP([1]!Table1[[#This Row],[Sub_Category]],[1]Reference_data!B:B,[1]Reference_data!A:A) -> Hardware & Mechanical | W33: =IF([1]!Table1[[#This Row],[Category]]=[1]!Table1[[#This Row],[Expected_Category ]],"Valid", "invalid") -> Valid
A34: TKT000033 | B34: Tata Consultancy Services Ltd | C34: 01/11/2026 15:33 | D34: 01/12/2026 02:39 | E34: Connectivity & Software | F34: Driver & Setup | G34: Low | H34: Mary | I34: Network Team | J34: 11.1 | K34: 24 | L34: Yes | M34: 5 | N34: No | O34: Closed | P34: Fixed | Q34: West | R34: =IF(Table1[[#This Row],[Resolution_Time_Hrs]]>Table1[[#This Row],[SLA_Target_Hrs]],"No", "Yes") -> Yes | S34: =IF(Table1[[#This Row],[Calculated_SLA]]=Table1[[#This Row],[SLA_Met]],"Match","Mismatch") -> Match | T34: =IF(Table1[[#This Row],[Calculated_SLA]]="Yes",1,0) -> 1 | U34: =IF(COUNTIFS(Reference_data!A:A,Table1[[#This Row],[Category]],Reference_data!B:B,Table1[[#This Row],[Sub_Category]])>0,"Valid","Invalid") -> Valid | V34: =_xlfn.XLOOKUP([1]!Table1[[#This Row],[Sub_Category]],[1]Reference_data!B:B,[1]Reference_data!A:A) -> Connectivity & Software | W34: =IF([1]!Table1[[#This Row],[Category]]=[1]!Table1[[#This Row],[Expected_Category ]],"Valid", "invalid") -> Valid
A35: TKT000034 | B35: United Overseas Bank | C35: 03/26/2026 14:31 | D35: 03/26/2026 20:55 | E35: Print Quality | F35: Finishing Errors | G35: High | H35: Tina | I35: Field Support | J35: 6.4 | K35: 4 | L35: No | M35: 3 | N35: No | O35: Closed | P35: Escalated | Q35: West | R35: =IF(Table1[[#This Row],[Resolution_Time_Hrs]]>Table1[[#This Row],[SLA_Target_Hrs]],"No", "Yes") -> No | S35: =IF(Table1[[#This Row],[Calculated_SLA]]=Table1[[#This Row],[SLA_Met]],"Match","Mismatch") -> Match | T35: =IF(Table1[[#This Row],[Calculated_SLA]]="Yes",1,0) -> 0 | U35: =IF(COUNTIFS(Reference_data!A:A,Table1[[#This Row],[Category]],Reference_data!B:B,Table1[[#This Row],[Sub_Category]])>0,"Valid","Invalid") -> Valid | V35: =_xlfn.XLOOKUP([1]!Table1[[#This Row],[Sub_Category]],[1]Reference_data!B:B,[1]Reference_data!A:A) -> Print Quality | W35: =IF([1]!Table1[[#This Row],[Category]]=[1]!Table1[[#This Row],[Expected_Category ]],"Valid", "invalid") -> Valid
A36: TKT000035 | B36: United Overseas Bank | C36: 02/12/2026 08:13 | D36: 02/12/2026 17:49 | E36: Hardware & Mechanical | F36: Paper Jam | G36: Low | H36: James | I36: Hardware Team | J36: 9.6 | K36: 24 | L36: Yes | M36: 4 | N36: No | O36: Closed | P36: Fixed | Q36: East | R36: =IF(Table1[[#This Row],[Resolution_Time_Hrs]]>Table1[[#This Row],[SLA_Target_Hrs]],"No", "Yes") -> Yes | S36: =IF(Table1[[#This Row],[Calculated_SLA]]=Table1[[#This Row],[SLA_Met]],"Match","Mismatch") -> Match | T36: =IF(Table1[[#This Row],[Calculated_SLA]]="Yes",1,0) -> 1 | U36: =IF(COUNTIFS(Reference_data!A:A,Table1[[#This Row],[Category]],Reference_data!B:B,Table1[[#This Row],[Sub_Category]])>0,"Valid","Invalid") -> Valid | V36: =_xlfn.XLOOKUP([1]!Table1[[#This Row],[Sub_Category]],[1]Reference_data!B:B,[1]Reference_data!A:A) -> Hardware & Mechanical | W36: =IF([1]!Table1[[#This Row],[Category]]=[1]!Table1[[#This Row],[Expected_Category ]],"Valid", "invalid") -> Valid
... A38: TKT000037 | B38: HDFC Bank Ltd | C38: 03/15/2026 08:38 | D38: 03/15/2026 17:14 | E38: Connectivity & Software | F38: Scan-to-Email | G38: Medium | H38: Judy | I38: Network Team | J38: 8.6 | K38: 8 | L38: No | M38: 3 | N38: Yes | O38: Closed | P38: Escalated | Q38: East | R38: =IF(Table1[[#This Row],[Resolution_Time_Hrs]]>Table1[[#This Row],[SLA_Target_Hrs]],"No", "Yes") -> No | S38: =IF(Table1[[#This Row],[Calculated_SLA]]=Table1[[#This Row],[SLA_Met]],"Match","Mismatch") -> Match | T38: =IF(Table1[[#This Row],[Calculated_SLA]]="Yes",1,0) -> 0 | U38: =IF(COUNTIFS(Reference_data!A:A,Table1[[#This Row],[Category]],Reference_data!B:B,Table1[[#This Row],[Sub_Category]])>0,"Valid","Invalid") -> Valid | V38: =_xlfn.XLOOKUP([1]!Table1[[#This Row],[Sub_Category]],[1]Reference_data!B:B,[1]Reference_data!A:A) -> Connectivity & Software | W38: =IF([1]!Table1[[#This Row],[Category]]=[1]!Table1[[#This Row],[Expected_Category ]],"Valid", "invalid") -> Valid
A39: TKT000038 | B39: Tata Consultancy Services Ltd | C39: 03/04/2026 13:04 | D39: 03/04/2026 17:10 | E39: Print Quality | F39: Defective Prints | G39: Medium | H39: Emma | I39: Remote Support | J39: 4.1 | K39: 8 | L39: Yes | N39: No | O39: Closed | P39: Fixed | Q39: South | R39: =IF(Table1[[#This Row],[Resolution_Time_Hrs]]>Table1[[#This Row],[SLA_Target_Hrs]],"No", "Yes") -> Yes | S39: =IF(Table1[[#This Row],[Calculated_SLA]]=Table1[[#This Row],[SLA_Met]],"Match","Mismatch") -> Match | T39: =IF(Table1[[#This Row],[Calculated_SLA]]="Yes",1,0) -> 1 | U39: =IF(COUNTIFS(Reference_data!A:A,Table1[[#This Row],[Category]],Reference_data!B:B,Table1[[#This Row],[Sub_Category]])>0,"Valid","Invalid") -> Valid | V39: =_xlfn.XLOOKUP([1]!Table1[[#This Row],[Sub_Category]],[1]Reference_data!B:B,[1]Reference_data!A:A) -> Print Quality | W39: =IF([1]!Table1[[#This Row],[Category]]=[1]!Table1[[#This Row],[Expected_Category ]],"Valid", "invalid") -> Valid
A40: TKT000039 | B40: Bajaj Finance Ltd | C40: 02/27/2026 08:34 | D40: 02/27/2026 17:22 | E40: Supplies & Logistics | F40: Toner Replenishment | G40: High | H40: Mary | I40: Logistics Team | J40: 8.8 | K40: 4 | L40: No | M40: 3 | N40: Yes | O40: Closed | P40: Temporary Workaround | Q40: North | R40: =IF(Table1[[#This Row],[Resolution_Time_Hrs]]>Table1[[#This Row],[SLA_Target_Hrs]],"No", "Yes") -> No | S40: =IF(Table1[[#This Row],[Calculated_SLA]]=Table1[[#This Row],[SLA_Met]],"Match","Mismatch") -> Match | T40: =IF(Table1[[#This Row],[Calculated_SLA]]="Yes",1,0) -> 0 | U40: =IF(COUNTIFS(Reference_data!A:A,Table1[[#This Row],[Category]],Reference_data!B:B,Table1[[#This Row],[Sub_Category]])>0,"Valid","Invalid") -> Valid | V40: =_xlfn.XLOOKUP([1]!Table1[[#This Row],[Sub_Category]],[1]Reference_data!B:B,[1]Reference_data!A:A) -> Supplies & Logistics | W40: =IF([1]!Table1[[#This Row],[Category]]=[1]!Table1[[#This Row],[Expected_Category ]],"Valid", "invalid") -> Valid
A41: TKT000040 | B41: Hindustan Unilever Ltd | C41: 01/27/2026 14:30 | D41: 01/27/2026 23:06 | E41: Hardware & Mechanical | F41: Parts Wear | G41: Low | H41: Sarah | I41: Field Support | J41: 8.6 | K41: 24 | L41: Yes | M41: 4 | N41: No | O41: Closed | P41: Fixed | Q41: East | R41: =IF(Table1[[#This Row],[Resolution_Time_Hrs]]>Table1[[#This Row],[SLA_Target_Hrs]],"No", "Yes") -> Yes | S41: =IF(Table1[[#This Row],[Calculated_SLA]]=Table1[[#This Row],[SLA_Met]],"Match","Mismatch") -> Match | T41: =IF(Table1[[#This Row],[Calculated_SLA]]="Yes",1,0) -> 1 | U41: =IF(COUNTIFS(Reference_data!A:A,Table1[[#This Row],[Category]],Reference_data!B:B,Table1[[#This Row],[Sub_Category]])>0,"Valid","Invalid") -> Valid | V41: =_xlfn.XLOOKUP([1]!Table1[[#This Row],[Sub_Category]],[1]Reference_data!B:B,[1]Reference_data!A:A) -> Hardware & Mechanical | W41: =IF([1]!Table1[[#This Row],[Category]]=[1]!Table1[[#This Row],[Expected_Category ]],"Valid", "invalid") -> Valid
A42: TKT000041 | B42: HDFC Bank Ltd | C42: 02/27/2026 09:00 | D42: 02/27/2026 18:48 | E42: Hardware & Mechanical | F42: Paper Jam | G42: Medium | H42: Judy | I42: Hardware Team | J42: 9.8 | K42: 8 | L42: No | M42: 1 | N42: Yes | O42: Closed | P42: Escalated | Q42: North | R42: =IF(Table1[[#This Row],[Resolution_Time_Hrs]]>Table1[[#This Row],[SLA_Target_Hrs]],"No", "Yes") -> No | S42: =IF(Table1[[#This Row],[Calculated_SLA]]=Table1[[#This Row],[SLA_Met]],"Match","Mismatch") -> Match | T42: =IF(Table1[[#This Row],[Calculated_SLA]]="Yes",1,0) -> 0 | U42: =IF(COUNTIFS(Reference_data!A:A,Table1[[#This Row],[Category]],Reference_data!B:B,Table1[[#This Row],[Sub_Category]])>0,"Valid","Invalid") -> Valid | V42: =_xlfn.XLOOKUP([1]!Table1[[#This Row],[Sub_Category]],[1]Reference_data!B:B,[1]Reference_data!A:A) -> Hardware & Mechanical | W42: =IF([1]!Table1[[#This Row],[Category]]=[1]!Table1[[#This Row],[Expected_Category ]],"Valid", "invalid") -> Valid
A43: TKT000042 | B43: Amazon Ltd | C43: 03/21/2026 08:14 | D43: 03/21/2026 20:32 | E43: Print Quality | F43: Defective Prints | G43: Medium | H43: Mary | I43: Remote Support | J43: 12.3 | K43: 8 | L43: No | M43: 1 | N43: Yes | O43: Closed | P43: Escalated | Q43: West | R43: =IF(Table1[[#This Row],[Resolution_Time_Hrs]]>Table1[[#This Row],[SLA_Target_Hrs]],"No", "Yes") -> No | S43: =IF(Table1[[#This Row],[Calculated_SLA]]=Table1[[#This Row],[SLA_Met]],"Match","Mismatch") -> Match | T43: =IF(Table1[[#This Row],[Calculated_SLA]]="Yes",1,0) -> 0 | U43: =IF(COUNTIFS(Reference_data!A:A,Table1[[#This Row],[Category]],Reference_data!B:B,Table1[[#This Row],[Sub_Category]])>0,"Valid","Invalid") -> Valid | V43: =_xlfn.XLOOKUP([1]!Table1[[#This Row],[Sub_Category]],[1]Reference_data!B:B,[1]Reference_data!A:A) -> Print Quality | W43: =IF([1]!Table1[[#This Row],[Category]]=[1]!Table1[[#This Row],[Expected_Category ]],"Valid", "invalid") -> Valid
A44: TKT000043 | B44: Reliance Ltd | C44: 01/17/2026 09:06 | D44: 01/17/2026 19:48 | E44: Connectivity & Software | F44: Scan-to-Email | G44: Medium | H44: Tony | I44: Network Team | J44: 10.7 | K44: 8 | L44: No | M44: 1 | N44: No | O44: Closed | P44: Escalated | Q44: West | R44: =IF(Table1[[#This Row],[Resolution_Time_Hrs]]>Table1[[#This Row],[SLA_Target_Hrs]],"No", "Yes") -> No | S44: =IF(Table1[[#This Row],[Calculated_SLA]]=Table1[[#This Row],[SLA_Met]],"Match","Mismatch") -> Match | T44: =IF(Table1[[#This Row],[Calculated_SLA]]="Yes",1,0) -> 0 | U44: =IF(COUNTIFS(Reference_data!A:A,Table1[[#This Row],[Category]],Reference_data!B:B,Table1[[#This Row],[Sub_Category]])>0,"Valid","Invalid") -> Valid | V44: =_xlfn.XLOOKUP([1]!Table1[[#This Row],[Sub_Category]],[1]Reference_data!B:B,[1]Reference_data!A:A) -> Connectivity & Software | W44: =IF([1]!Table1[[#This Row],[Category]]=[1]!Table1[[#This Row],[Expected_Category ]],"Valid", "invalid") -> Valid
A45: TKT000044 | B45: Reliance Ltd | C45: 01/12/2026 11:43 | D45: 01/12/2026 16:37 | E45: Print Quality | F45: Finishing Errors | G45: Medium | H45: Tony | I45: Field Support | J45: 4.9 | K45: 8 | L45: Yes | M45: 4 | N45: No | O45: Closed | P45: Fixed | Q45: East | R45: =IF(Table1[[#This Row],[Resolution_Time_Hrs]]>Table1[[#This Row],[SLA_Target_Hrs]],"No", "Yes") -> Yes | S45: =IF(Table1[[#This Row],[Calculated_SLA]]=Table1[[#This Row],[SLA_Met]],"Match","Mismatch") -> Match | T45: =IF(Table1[[#This Row],[Calculated_SLA]]="Yes",1,0) -> 1 | U45: =IF(COUNTIFS(Reference_data!A:A,Table1[[#This Row],[Category]],Reference_data!B:B,Table1[[#This Row],[Sub_Category]])>0,"Valid","Invalid") -> Valid | V45: =_xlfn.XLOOKUP([1]!Table1[[#This Row],[Sub_Category]],[1]Reference_data!B:B,[1]Reference_data!A:A) -> Print Quality | W45: =IF([1]!Table1[[#This Row],[Category]]=[1]!Table1[[#This Row],[Expected_Category ]],"Valid", "invalid") -> Valid
A46: TKT000045 | B46: United Overseas Bank | C46: 03/05/2026 17:26 | D46: 03/06/2026 14:32 | E46: Hardware & Mechanical | F46: Device Errors | G46: Medium | H46: Tina | I46: Hardware Team | J46: 21.1 | K46: 8 | L46: No | M46: 3 | N46: Yes | O46: Closed | P46: Temporary Workaround | Q46: South | R46: =IF(Table1[[#This Row],[Resolution_Time_Hrs]]>Table1[[#This Row],[SLA_Target_Hrs]],"No", "Yes") -> No | S46: =IF(Table1[[#This Row],[Calculated_SLA]]=Table1[[#This Row],[SLA_Met]],"Match","Mismatch") -> Match | T46: =IF(Table1[[#This Row],[Calculated_SLA]]="Yes",1,0) -> 0 | U46: =IF(COUNTIFS(Reference_data!A:A,Table1[[#This Row],[Category]],Reference_data!B:B,Table1[[#This Row],[Sub_Category]])>0,"Valid","Invalid") -> Valid | V46: =_xlfn.XLOOKUP([1]!Table1[[#This Row],[Sub_Category]],[1]Reference_data!B:B,[1]Reference_data!A:A) -> Hardware & Mechanical | W46: =IF([1]!Table1[[#This Row],[Category]]=[1]!Table1[[#This Row],[Expected_Category ]],"Valid", "invalid") -> Valid
A47: TKT000046 | B47: HDFC Bank Ltd | C47: 03/30/2026 13:22 | D47: 03/31/2026 11:16 | E47: Hardware & Mechanical | F47: Paper Jam | G47: Low | H47: Judy | I47: Hardware Team | J47: 21.9 | K47: 24 | L47: Yes | M47: 4 | N47: No | O47: Closed | P47: Fixed | Q47: West | R47: =IF(Table1[[#This Row],[Resolution_Time_Hrs]]>Table1[[#This Row],[SLA_Target_Hrs]],"No", "Yes") -> Yes | S47: =IF(Table1[[#This Row],[Calculated_SLA]]=Table1[[#This Row],[SLA_Met]],"Match","Mismatch") -> Match | T47: =IF(Table1[[#This Row],[Calculated_SLA]]="Yes",1,0) -> 1 | U47: =IF(COUNTIFS(Reference_data!A:A,Table1[[#This Row],[Category]],Reference_data!B:B,Table1[[#This Row],[Sub_Category]])>0,"Valid","Invalid") -> Valid | V47: =_xlfn.XLOOKUP([1]!Table1[[#This Row],[Sub_Category]],[1]Reference_data!B:B,[1]Reference_data!A:A) -> Hardware & Mechanical | W47: =IF([1]!Table1[[#This Row],[Category]]=[1]!Table1[[#This Row],[Expected_Category ]],"Valid", "invalid") -> Valid
A48: TKT000047 | B48: ICICI Bank Ltd | C48: 02/20/2026 14:06 | D48: 02/20/2026 20:00 | E48: Supplies & Logistics | F48: Paper Supply | G48: Medium | H48: Tony | I48: Logistics Team | J48: 5.9 | K48: 8 | L48: Yes | M48: 4 | N48: No | O48: Closed | P48: Fixed | Q48: East | R48: =IF(Table1[[#This Row],[Resolution_Time_Hrs]]>Table1[[#This Row],[SLA_Target_Hrs]],"No", "Yes") -> Yes | S48: =IF(Table1[[#This Row],[Calculated_SLA]]=Table1[[#This Row],[SLA_Met]],"Match","Mismatch") -> Match | T48: =IF(Table1[[#This Row],[Calculated_SLA]]="Yes",1,0) -> 1 | U48: =IF(COUNTIFS(Reference_data!A:A,Table1[[#This Row],[Category]],Reference_data!B:B,Table1[[#This Row],[Sub_Category]])>0,"Valid","Invalid") -> Valid | V48: =_xlfn.XLOOKUP([1]!Table1[[#This Row],[Sub_Category]],[1]Reference_data!B:B,[1]Reference_data!A:A) -> Supplies & Logistics | W48: =IF([1]!Table1[[#This Row],[Category]]=[1]!Table1[[#This Row],[Expected_Category ]],"Valid", "invalid") -> Valid
A49: TKT000048 | B49: HDFC Bank Ltd | C49: 03/02/2026 10:15 | D49: 03/02/2026 20:39 | E49: Hardware & Mechanical | F49: Device Errors | G49: Low | H49: Jack | I49: Hardware Team | J49: 10.4 | K49: 24 | L49: Yes | M49: 4 | N49: No | O49: Closed | P49: Fixed | Q49: South | R49: =IF(Table1[[#This Row],[Resolution_Time_Hrs]]>Table1[[#This Row],[SLA_Target_Hrs]],"No", "Yes") -> Yes | S49: =IF(Table1[[#This Row],[Calculated_SLA]]=Table1[[#This Row],[SLA_Met]],"Match","Mismatch") -> Match | T49: =IF(Table1[[#This Row],[Calculated_SLA]]="Yes",1,0) -> 1 | U49: =IF(COUNTIFS(Reference_data!A:A,Table1[[#This Row],[Category]],Reference_data!B:B,Table1[[#This Row],[Sub_Category]])>0,"Valid","Invalid") -> Valid | V49: =_xlfn.XLOOKUP([1]!Table1[[#This Row],[Sub_Category]],[1]Reference_data!B:B,[1]Reference_data!A:A) -> Hardware & Mechanical | W49: =IF([1]!Table1[[#This Row],[Category]]=[1]!Table1[[#This Row],[Expected_Category ]],"Valid", "invalid") -> Valid
A50: TKT000049 | B50: Bharti Airtel Ltd | C50: 03/27/2026 11:41 | D50: 03/27/2026 20:35 | E50: Connectivity & Software | F50: Scan-to-Email | G50: High | H50: Tina | I50: Network Team | J50: 8.9 | K50: 4 | L50: No | M50: 2 | N50: No | O50: Closed | P50: Escalated | Q50: East | R50: =IF(Table1[[#This Row],[Resolution_Time_Hrs]]>Table1[[#This Row],[SLA_Target_Hrs]],"No", "Yes") -> No | S50: =IF(Table1[[#This Row],[Calculated_SLA]]=Table1[[#This Row],[SLA_Met]],"Match","Mismatch") -> Match | T50: =IF(Table1[[#This Row],[Calculated_SLA]]="Yes",1,0) -> 0 | U50: =IF(COUNTIFS(Reference_data!A:A,Table1[[#This Row],[Category]],Reference_data!B:B,Table1[[#This Row],[Sub_Category]])>0,"Valid","Invalid") -> Valid | V50: =_xlfn.XLOOKUP([1]!Table1[[#This Row],[Sub_Category]],[1]Reference_data!B:B,[1]Reference_data!A:A) -> Connectivity & Software | W50: =IF([1]!Table1[[#This Row],[Category]]=[1]!Table1[[#This Row],[Expected_Category ]],"Valid", "invalid") -> Valid
A51: TKT000050 | B51: Bharti Airtel Ltd | C51: 01/19/2026 16:38 | D51: 01/20/2026 05:14 | E51: Print Quality | F51: Color Calibration | G51: Medium | H51: James | I51: Remote Support | J51: 12.6 | K51: 8 | L51: No | M51: 3 | N51: Yes | O51: Closed | P51: Temporary Workaround | Q51: South | R51: =IF(Table1[[#This Row],[Resolution_Time_Hrs]]>Table1[[#This Row],[SLA_Target_Hrs]],"No", "Yes") -> No | S51: =IF(Table1[[#This Row],[Calculated_SLA]]=Table1[[#This Row],[SLA_Met]],"Match","Mismatch") -> Match | T51: =IF(Table1[[#This Row],[Calculated_SLA]]="Yes",1,0) -> 0 | U51: =IF(COUNTIFS(Reference_data!A:A,Table1[[#This Row],[Category]],Reference_data!B:B,Table1[[#This Row],[Sub_Category]])>0,"Valid","Invalid") -> Valid | V51: =_xlfn.XLOOKUP([1]!Table1[[#This Row],[Sub_Category]],[1]Reference_data!B:B,[1]Reference_data!A:A) -> Print Quality | W51: =IF([1]!Table1[[#This Row],[Category]]=[1]!Table1[[#This Row],[Expected_Category ]],"Valid", "invalid") -> Valid
... A76: TKT000075 | B76: Reliance Ltd | C76: 03/21/2026 13:22 | D76: 03/21/2026 22:04 | E76: Connectivity & Software | F76: Scan-to-Email | G76: High | H76: Era | I76: Network Team | J76: 8.7 | K76: 4 | L76: No | M76: 2 | N76: No | O76: Closed | P76: Escalated | Q76: West | R76: =IF(Table1[[#This Row],[Resolution_Time_Hrs]]>Table1[[#This Row],[SLA_Target_Hrs]],"No", "Yes") -> No | S76: =IF(Table1[[#This Row],[Calculated_SLA]]=Table1[[#This Row],[SLA_Met]],"Match","Mismatch") -> Match | T76: =IF(Table1[[#This Row],[Calculated_SLA]]="Yes",1,0) -> 0 | U76: =IF(COUNTIFS(Reference_data!A:A,Table1[[#This Row],[Category]],Reference_data!B:B,Table1[[#This Row],[Sub_Category]])>0,"Valid","Invalid") -> Valid | V76: =_xlfn.XLOOKUP([1]!Table1[[#This Row],[Sub_Category]],[1]Reference_data!B:B,[1]Reference_data!A:A) -> Connectivity & Software | W76: =IF([1]!Table1[[#This Row],[Category]]=[1]!Table1[[#This Row],[Expected_Category ]],"Valid", "invalid") -> Valid
A77: TKT000076 | B77: Tata Consultancy Services Ltd | C77: 01/18/2026 14:40 | D77: 01/18/2026 21:46 | E77: Connectivity & Software | F77: Network Dropouts | G77: Medium | H77: Emma | I77: Network Team | J77: 7.1 | K77: 8 | L77: Yes | N77: No | O77: Closed | P77: Fixed | Q77: East | R77: =IF(Table1[[#This Row],[Resolution_Time_Hrs]]>Table1[[#This Row],[SLA_Target_Hrs]],"No", "Yes") -> Yes | S77: =IF(Table1[[#This Row],[Calculated_SLA]]=Table1[[#This Row],[SLA_Met]],"Match","Mismatch") -> Match | T77: =IF(Table1[[#This Row],[Calculated_SLA]]="Yes",1,0) -> 1 | U77: =IF(COUNTIFS(Reference_data!A:A,Table1[[#This Row],[Category]],Reference_data!B:B,Table1[[#This Row],[Sub_Category]])>0,"Valid","Invalid") -> Valid | V77: =_xlfn.XLOOKUP([1]!Table1[[#This Row],[Sub_Category]],[1]Reference_data!B:B,[1]Reference_data!A:A) -> Connectivity & Software | W77: =IF([1]!Table1[[#This Row],[Category]]=[1]!Table1[[#This Row],[Expected_Category ]],"Valid", "invalid") -> Valid
A78: TKT000077 | B78: Tata Consultancy Services Ltd | C78: 02/22/2026 15:36 | D78: 02/23/2026 00:06 | E78: Connectivity & Software | F78: Driver & Setup | G78: Medium | H78: Jack | I78: Network Team | J78: 8.5 | K78: 8 | L78: No | M78: 2 | N78: Yes | O78: Closed | P78: Temporary Workaround | Q78: West | R78: =IF(Table1[[#This Row],[Resolution_Time_Hrs]]>Table1[[#This Row],[SLA_Target_Hrs]],"No", "Yes") -> No | S78: =IF(Table1[[#This Row],[Calculated_SLA]]=Table1[[#This Row],[SLA_Met]],"Match","Mismatch") -> Match | T78: =IF(Table1[[#This Row],[Calculated_SLA]]="Yes",1,0) -> 0 | U78: =IF(COUNTIFS(Reference_data!A:A,Table1[[#This Row],[Category]],Reference_data!B:B,Table1[[#This Row],[Sub_Category]])>0,"Valid","Invalid") -> Valid | V78: =_xlfn.XLOOKUP([1]!Table1[[#This Row],[Sub_Category]],[1]Reference_data!B:B,[1]Reference_data!A:A) -> Connectivity & Software | W78: =IF([1]!Table1[[#This Row],[Category]]=[1]!Table1[[#This Row],[Expected_Category ]],"Valid", "invalid") -> Valid
A79: TKT000078 | B79: Tata Consultancy Services Ltd | C79: 01/23/2026 08:54 | D79: 01/23/2026 21:18 | E79: Connectivity & Software | F79: Scan-to-Email | G79: Low | H79: Tony | I79: Network Team | J79: 12.4 | K79: 24 | L79: Yes | M79: 5 | N79: No | O79: Closed | P79: Fixed | Q79: East | R79: =IF(Table1[[#This Row],[Resolution_Time_Hrs]]>Table1[[#This Row],[SLA_Target_Hrs]],"No", "Yes") -> Yes | S79: =IF(Table1[[#This Row],[Calculated_SLA]]=Table1[[#This Row],[SLA_Met]],"Match","Mismatch") -> Match | T79: =IF(Table1[[#This Row],[Calculated_SLA]]="Yes",1,0) -> 1 | U79: =IF(COUNTIFS(Reference_data!A:A,Table1[[#This Row],[Category]],Reference_data!B:B,Table1[[#This Row],[Sub_Category]])>0,"Valid","Invalid") -> Valid | V79: =_xlfn.XLOOKUP([1]!Table1[[#This Row],[Sub_Category]],[1]Reference_data!B:B,[1]Reference_data!A:A) -> Connectivity & Software | W79: =IF([1]!Table1[[#This Row],[Category]]=[1]!Table1[[#This Row],[Expected_Category ]],"Valid", "invalid") -> Valid
A80: TKT000079 | B80: HDFC Bank Ltd | C80: 03/18/2026 17:53 | D80: 03/19/2026 09:11 | E80: Hardware & Mechanical | F80: Parts Wear | G80: Low | H80: Mary | I80: Field Support | J80: 15.3 | K80: 24 | L80: Yes | M80: 5 | N80: No | O80: Closed | P80: Fixed | Q80: North | R80: =IF(Table1[[#This Row],[Resolution_Time_Hrs]]>Table1[[#This Row],[SLA_Target_Hrs]],"No", "Yes") -> Yes | S80: =IF(Table1[[#This Row],[Calculated_SLA]]=Table1[[#This Row],[SLA_Met]],"Match","Mismatch") -> Match | T80: =IF(Table1[[#This Row],[Calculated_SLA]]="Yes",1,0) -> 1 | U80: =IF(COUNTIFS(Reference_data!A:A,Table1[[#This Row],[Category]],Reference_data!B:B,Table1[[#This Row],[Sub_Category]])>0,"Valid","Invalid") -> Valid | V80: =_xlfn.XLOOKUP([1]!Table1[[#This Row],[Sub_Category]],[1]Reference_data!B:B,[1]Reference_data!A:A) -> Hardware & Mechanical | W80: =IF([1]!Table1[[#This Row],[Category]]=[1]!Table1[[#This Row],[Expected_Category ]],"Valid", "invalid") -> Valid
A81: TKT000080 | B81: Amazon Ltd | C81: 01/03/2026 17:00 | D81: 01/03/2026 23:30 | E81: Connectivity & Software | F81: Scan-to-Email | G81: Medium | H81: Emma | I81: Network Team | J81: 6.5 | K81: 8 | L81: Yes | M81: 5 | N81: No | O81: Closed | P81: Fixed | Q81: West | R81: =IF(Table1[[#This Row],[Resolution_Time_Hrs]]>Table1[[#This Row],[SLA_Target_Hrs]],"No", "Yes") -> Yes | S81: =IF(Table1[[#This Row],[Calculated_SLA]]=Table1[[#This Row],[SLA_Met]],"Match","Mismatch") -> Match | T81: =IF(Table1[[#This Row],[Calculated_SLA]]="Yes",1,0) -> 1 | U81: =IF(COUNTIFS(Reference_data!A:A,Table1[[#This Row],[Category]],Reference_data!B:B,Table1[[#This Row],[Sub_Category]])>0,"Valid","Invalid") -> Valid | V81: =_xlfn.XLOOKUP([1]!Table1[[#This Row],[Sub_Category]],[1]Reference_data!B:B,[1]Reference_data!A:A) -> Connectivity & Software | W81: =IF([1]!Table1[[#This Row],[Category]]=[1]!Table1[[#This Row],[Expected_Category ]],"Valid", "invalid") -> Valid
A82: TKT000081 | B82: Bharti Airtel Ltd | C82: 02/11/2026 08:34 | D82: 02/11/2026 13:46 | E82: Contract & Billing | F82: Lease Terms | G82: Medium | H82: Michael | I82: Billing Team | J82: 5.2 | K82: 8 | L82: Yes | M82: 4 | N82: No | O82: Closed | P82: Fixed | Q82: North | R82: =IF(Table1[[#This Row],[Resolution_Time_Hrs]]>Table1[[#This Row],[SLA_Target_Hrs]],"No", "Yes") -> Yes | S82: =IF(Table1[[#This Row],[Calculated_SLA]]=Table1[[#This Row],[SLA_Met]],"Match","Mismatch") -> Match | T82: =IF(Table1[[#This Row],[Calculated_SLA]]="Yes",1,0) -> 1 | U82: =IF(COUNTIFS(Reference_data!A:A,Table1[[#This Row],[Category]],Reference_data!B:B,Table1[[#This Row],[Sub_Category]])>0,"Valid","Invalid") -> Valid | V82: =_xlfn.XLOOKUP([1]!Table1[[#This Row],[Sub_Category]],[1]Reference_data!B:B,[1]Reference_data!A:A) -> Contract & Billing | W82: =IF([1]!Table1[[#This Row],[Category]]=[1]!Table1[[#This Row],[Expected_Category ]],"Valid", "invalid") -> Valid
A83: TKT000082 | B83: Bajaj Finance Ltd | C83: 03/25/2026 09:23 | D83: 03/25/2026 17:41 | E83: Supplies & Logistics | F83: Toner Replenishment | G83: Low | H83: Tina | I83: Logistics Team | J83: 8.3 | K83: 24 | L83: Yes | M83: 4 | N83: No | O83: Closed | P83: Fixed | Q83: East | R83: =IF(Table1[[#This Row],[Resolution_Time_Hrs]]>Table1[[#This Row],[SLA_Target_Hrs]],"No", "Yes") -> Yes | S83: =IF(Table1[[#This Row],[Calculated_SLA]]=Table1[[#This Row],[SLA_Met]],"Match","Mismatch") -> Match | T83: =IF(Table1[[#This Row],[Calculated_SLA]]="Yes",1,0) -> 1 | U83: =IF(COUNTIFS(Reference_data!A:A,Table1[[#This Row],[Category]],Reference_data!B:B,Table1[[#This Row],[Sub_Category]])>0,"Valid","Invalid") -> Valid | V83: =_xlfn.XLOOKUP([1]!Table1[[#This Row],[Sub_Category]],[1]Reference_data!B:B,[1]Reference_data!A:A) -> Supplies & Logistics | W83: =IF([1]!Table1[[#This Row],[Category]]=[1]!Table1[[#This Row],[Expected_Category ]],"Valid", "invalid") -> Valid
A84: TKT000083 | B84: United Overseas Bank | C84: 03/24/2026 12:40 | D84: 03/24/2026 17:58 | E84: Connectivity & Software | F84: Network Dropouts | G84: Medium | H84: Sarah | I84: Network Team | J84: 5.3 | K84: 8 | L84: Yes | M84: 4 | N84: No | O84: Closed | P84: Fixed | Q84: West | R84: =IF(Table1[[#This Row],[Resolution_Time_Hrs]]>Table1[[#This Row],[SLA_Target_Hrs]],"No", "Yes") -> Yes | S84: =IF(Table1[[#This Row],[Calculated_SLA]]=Table1[[#This Row],[SLA_Met]],"Match","Mismatch") -> Match | T84: =IF(Table1[[#This Row],[Calculated_SLA]]="Yes",1,0) -> 1 | U84: =IF(COUNTIFS(Reference_data!A:A,Table1[[#This Row],[Category]],Reference_data!B:B,Table1[[#This Row],[Sub_Category]])>0,"Valid","Invalid") -> Valid | V84: =_xlfn.XLOOKUP([1]!Table1[[#This Row],[Sub_Category]],[1]Reference_data!B:B,[1]Reference_data!A:A) -> Connectivity & Software | W84: =IF([1]!Table1[[#This Row],[Category]]=[1]!Table1[[#This Row],[Expected_Category ]],"Valid", "invalid") -> Valid
A85: TKT000084 | B85: ICICI Bank Ltd | C85: 03/03/2026 11:14 | D85: 03/03/2026 23:20 | E85: Hardware & Mechanical | F85: Device Errors | G85: Medium | H85: Mary | I85: Hardware Team | J85: 12.1 | K85: 8 | L85: No | M85: 3 | N85: Yes | O85: Closed | P85: Temporary Workaround | Q85: East | R85: =IF(Table1[[#This Row],[Resolution_Time_Hrs]]>Table1[[#This Row],[SLA_Target_Hrs]],"No", "Yes") -> No | S85: =IF(Table1[[#This Row],[Calculated_SLA]]=Table1[[#This Row],[SLA_Met]],"Match","Mismatch") -> Match | T85: =IF(Table1[[#This Row],[Calculated_SLA]]="Yes",1,0) -> 0 | U85: =IF(COUNTIFS(Reference_data!A:A,Table1[[#This Row],[Category]],Reference_data!B:B,Table1[[#This Row],[Sub_Category]])>0,"Valid","Invalid") -> Valid | V85: =_xlfn.XLOOKUP([1]!Table1[[#This Row],[Sub_Category]],[1]Reference_data!B:B,[1]Reference_data!A:A) -> Hardware & Mechanical | W85: =IF([1]!Table1[[#This Row],[Category]]=[1]!Table1[[#This Row],[Expected_Category ]],"Valid", "invalid") -> Valid
A86: TKT000085 | B86: Hindustan Unilever Ltd | C86: 03/21/2026 17:33 | D86: 03/22/2026 01:09 | E86: Connectivity & Software | F86: Driver & Setup | G86: Medium | H86: Emma | I86: Network Team | J86: 7.6 | K86: 8 | L86: Yes | M86: 5 | N86: No | O86: Closed | P86: Fixed | Q86: South | R86: =IF(Table1[[#This Row],[Resolution_Time_Hrs]]>Table1[[#This Row],[SLA_Target_Hrs]],"No", "Yes") -> Yes | S86: =IF(Table1[[#This Row],[Calculated_SLA]]=Table1[[#This Row],[SLA_Met]],"Match","Mismatch") -> Match | T86: =IF(Table1[[#This Row],[Calculated_SLA]]="Yes",1,0) -> 1 | U86: =IF(COUNTIFS(Reference_data!A:A,Table1[[#This Row],[Category]],Reference_data!B:B,Table1[[#This Row],[Sub_Category]])>0,"Valid","Invalid") -> Valid | V86: =_xlfn.XLOOKUP([1]!Table1[[#This Row],[Sub_Category]],[1]Reference_data!B:B,[1]Reference_data!A:A) -> Connectivity & Software | W86: =IF([1]!Table1[[#This Row],[Category]]=[1]!Table1[[#This Row],[Expected_Category ]],"Valid", "invalid") -> Valid
A87: TKT000086 | B87: LIC Corp Ltd | C87: 03/01/2026 08:47 | D87: 03/01/2026 20:23 | E87: Print Quality | F87: Color Calibration | G87: Low | H87: Tina | I87: Remote Support | J87: 11.6 | K87: 24 | L87: Yes | M87: 4 | N87: No | O87: Closed | P87: Fixed | Q87: North | R87: =IF(Table1[[#This Row],[Resolution_Time_Hrs]]>Table1[[#This Row],[SLA_Target_Hrs]],"No", "Yes") -> Yes | S87: =IF(Table1[[#This Row],[Calculated_SLA]]=Table1[[#This Row],[SLA_Met]],"Match","Mismatch") -> Match | T87: =IF(Table1[[#This Row],[Calculated_SLA]]="Yes",1,0) -> 1 | U87: =IF(COUNTIFS(Reference_data!A:A,Table1[[#This Row],[Category]],Reference_data!B:B,Table1[[#This Row],[Sub_Category]])>0,"Valid","Invalid") -> Valid | V87: =_xlfn.XLOOKUP([1]!Table1[[#This Row],[Sub_Category]],[1]Reference_data!B:B,[1]Reference_data!A:A) -> Print Quality | W87: =IF([1]!Table1[[#This Row],[Category]]=[1]!Table1[[#This Row],[Expected_Category ]],"Valid", "invalid") -> Valid
A88: TKT000087 | B88: HDFC Bank Ltd | C88: 03/17/2026 08:46 | D88: 03/17/2026 18:28 | E88: Supplies & Logistics | F88: Toner Replenishment | G88: Medium | H88: Michael | I88: Logistics Team | J88: 9.7 | K88: 8 | L88: No | M88: 3 | N88: Yes | O88: Closed | P88: Temporary Workaround | Q88: East | R88: =IF(Table1[[#This Row],[Resolution_Time_Hrs]]>Table1[[#This Row],[SLA_Target_Hrs]],"No", "Yes") -> No | S88: =IF(Table1[[#This Row],[Calculated_SLA]]=Table1[[#This Row],[SLA_Met]],"Match","Mismatch") -> Match | T88: =IF(Table1[[#This Row],[Calculated_SLA]]="Yes",1,0) -> 0 | U88: =IF(COUNTIFS(Reference_data!A:A,Table1[[#This Row],[Category]],Reference_data!B:B,Table1[[#This Row],[Sub_Category]])>0,"Valid","Invalid") -> Valid | V88: =_xlfn.XLOOKUP([1]!Table1[[#This Row],[Sub_Category]],[1]Reference_data!B:B,[1]Reference_data!A:A) -> Supplies & Logistics | W88: =IF([1]!Table1[[#This Row],[Category]]=[1]!Table1[[#This Row],[Expected_Category ]],"Valid", "invalid") -> Valid
A89: TKT000088 | B89: HDFC Bank Ltd | C89: 02/28/2026 11:42 | D89: 03/01/2026 00:06 | E89: Connectivity & Software | F89: Driver & Setup | G89: High | H89: Tony | I89: Network Team | J89: 12.4 | K89: 4 | L89: No | M89: 3 | N89: Yes | O89: Closed | P89: Escalated | Q89: East | R89: =IF(Table1[[#This Row],[Resolution_Time_Hrs]]>Table1[[#This Row],[SLA_Target_Hrs]],"No", "Yes") -> No | S89: =IF(Table1[[#This Row],[Calculated_SLA]]=Table1[[#This Row],[SLA_Met]],"Match","Mismatch") -> Match | T89: =IF(Table1[[#This Row],[Calculated_SLA]]="Yes",1,0) -> 0 | U89: =IF(COUNTIFS(Reference_data!A:A,Table1[[#This Row],[Category]],Reference_data!B:B,Table1[[#This Row],[Sub_Category]])>0,"Valid","Invalid") -> Valid | V89: =_xlfn.XLOOKUP([1]!Table1[[#This Row],[Sub_Category]],[1]Reference_data!B:B,[1]Reference_data!A:A) -> Connectivity & Software | W89: =IF([1]!Table1[[#This Row],[Category]]=[1]!Table1[[#This Row],[Expected_Category ]],"Valid", "invalid") -> Valid
... A189: TKT000188 | B189: Tata Consultancy Services Ltd | C189: 03/21/2026 12:37 | D189: 03/22/2026 07:43 | E189: Hardware & Mechanical | F189: Device Errors | G189: High | H189: Tony | I189: Hardware Team | J189: 19.1 | K189: 4 | L189: No | M189: 3 | N189: No | O189: Closed | P189: Temporary Workaround | Q189: East | R189: =IF(Table1[[#This Row],[Resolution_Time_Hrs]]>Table1[[#This Row],[SLA_Target_Hrs]],"No", "Yes") -> No | S189: =IF(Table1[[#This Row],[Calculated_SLA]]=Table1[[#This Row],[SLA_Met]],"Match","Mismatch") -> Match | T189: =IF(Table1[[#This Row],[Calculated_SLA]]="Yes",1,0) -> 0 | U189: =IF(COUNTIFS(Reference_data!A:A,Table1[[#This Row],[Category]],Reference_data!B:B,Table1[[#This Row],[Sub_Category]])>0,"Valid","Invalid") -> Valid | V189: =_xlfn.XLOOKUP([1]!Table1[[#This Row],[Sub_Category]],[1]Reference_data!B:B,[1]Reference_data!A:A) -> Hardware & Mechanical | W189: =IF([1]!Table1[[#This Row],[Category]]=[1]!Table1[[#This Row],[Expected_Category ]],"Valid", "invalid") -> Valid
A190: TKT000189 | B190: HDFC Bank Ltd | C190: 03/09/2026 13:14 | D190: 03/10/2026 04:44 | E190: Hardware & Mechanical | F190: Parts Wear | G190: High | H190: Emma | I190: Field Support | J190: 15.5 | K190: 4 | L190: No | N190: No | O190: Closed | P190: Escalated | Q190: East | R190: =IF(Table1[[#This Row],[Resolution_Time_Hrs]]>Table1[[#This Row],[SLA_Target_Hrs]],"No", "Yes") -> No | S190: =IF(Table1[[#This Row],[Calculated_SLA]]=Table1[[#This Row],[SLA_Met]],"Match","Mismatch") -> Match | T190: =IF(Table1[[#This Row],[Calculated_SLA]]="Yes",1,0) -> 0 | U190: =IF(COUNTIFS(Reference_data!A:A,Table1[[#This Row],[Category]],Reference_data!B:B,Table1[[#This Row],[Sub_Category]])>0,"Valid","Invalid") -> Valid | V190: =_xlfn.XLOOKUP([1]!Table1[[#This Row],[Sub_Category]],[1]Reference_data!B:B,[1]Reference_data!A:A) -> Hardware & Mechanical | W190: =IF([1]!Table1[[#This Row],[Category]]=[1]!Table1[[#This Row],[Expected_Category ]],"Valid", "invalid") -> Valid
A191: TKT000190 | B191: Amazon Ltd | C191: 03/03/2026 10:00 | D191: 03/03/2026 23:00 | E191: Supplies & Logistics | F191: Paper Supply | G191: Medium | H191: Michael | I191: Logistics Team | J191: 13 | K191: 8 | L191: No | M191: 3 | N191: No | O191: Closed | P191: Temporary Workaround | Q191: West | R191: =IF(Table1[[#This Row],[Resolution_Time_Hrs]]>Table1[[#This Row],[SLA_Target_Hrs]],"No", "Yes") -> No | S191: =IF(Table1[[#This Row],[Calculated_SLA]]=Table1[[#This Row],[SLA_Met]],"Match","Mismatch") -> Match | T191: =IF(Table1[[#This Row],[Calculated_SLA]]="Yes",1,0) -> 0 | U191: =IF(COUNTIFS(Reference_data!A:A,Table1[[#This Row],[Category]],Reference_data!B:B,Table1[[#This Row],[Sub_Category]])>0,"Valid","Invalid") -> Valid | V191: =_xlfn.XLOOKUP([1]!Table1[[#This Row],[Sub_Category]],[1]Reference_data!B:B,[1]Reference_data!A:A) -> Supplies & Logistics | W191: =IF([1]!Table1[[#This Row],[Category]]=[1]!Table1[[#This Row],[Expected_Category ]],"Valid", "invalid") -> Valid
A192: TKT000191 | B192: Reliance Ltd | C192: 03/16/2026 09:33 | D192: 03/16/2026 20:51 | E192: Connectivity & Software | F192: Scan-to-Email | G192: Medium | H192: Mary | I192: Network Team | J192: 11.3 | K192: 8 | L192: No | M192: 2 | N192: No | O192: Closed | P192: Temporary Workaround | Q192: North | R192: =IF(Table1[[#This Row],[Resolution_Time_Hrs]]>Table1[[#This Row],[SLA_Target_Hrs]],"No", "Yes") -> No | S192: =IF(Table1[[#This Row],[Calculated_SLA]]=Table1[[#This Row],[SLA_Met]],"Match","Mismatch") -> Match | T192: =IF(Table1[[#This Row],[Calculated_SLA]]="Yes",1,0) -> 0 | U192: =IF(COUNTIFS(Reference_data!A:A,Table1[[#This Row],[Category]],Reference_data!B:B,Table1[[#This Row],[Sub_Category]])>0,"Valid","Invalid") -> Valid | V192: =_xlfn.XLOOKUP([1]!Table1[[#This Row],[Sub_Category]],[1]Reference_data!B:B,[1]Reference_data!A:A) -> Connectivity & Software | W192: =IF([1]!Table1[[#This Row],[Category]]=[1]!Table1[[#This Row],[Expected_Category ]],"Valid", "invalid") -> Valid
A193: TKT000192 | B193: Bharti Airtel Ltd | C193: 01/06/2026 12:27 | D193: 01/06/2026 19:33 | E193: Connectivity & Software | F193: Network Dropouts | G193: High | H193: James | I193: Network Team | J193: 7.1 | K193: 4 | L193: No | M193: 3 | N193: No | O193: Closed | P193: Temporary Workaround | Q193: South | R193: =IF(Table1[[#This Row],[Resolution_Time_Hrs]]>Table1[[#This Row],[SLA_Target_Hrs]],"No", "Yes") -> No | S193: =IF(Table1[[#This Row],[Calculated_SLA]]=Table1[[#This Row],[SLA_Met]],"Match","Mismatch") -> Match | T193: =IF(Table1[[#This Row],[Calculated_SLA]]="Yes",1,0) -> 0 | U193: =IF(COUNTIFS(Reference_data!A:A,Table1[[#This Row],[Category]],Reference_data!B:B,Table1[[#This Row],[Sub_Category]])>0,"Valid","Invalid") -> Valid | V193: =_xlfn.XLOOKUP([1]!Table1[[#This Row],[Sub_Category]],[1]Reference_data!B:B,[1]Reference_data!A:A) -> Connectivity & Software | W193: =IF([1]!Table1[[#This Row],[Category]]=[1]!Table1[[#This Row],[Expected_Category ]],"Valid", "invalid") -> Valid
A194: TKT000193 | B194: Bajaj Finance Ltd | C194: 02/12/2026 17:10 | D194: 02/13/2026 01:34 | E194: Supplies & Logistics | F194: Toner Replenishment | G194: Low | H194: Mary | I194: Logistics Team | J194: 8.4 | K194: 24 | L194: Yes | M194: 5 | N194: No | O194: Closed | P194: Fixed | Q194: West | R194: =IF(Table1[[#This Row],[Resolution_Time_Hrs]]>Table1[[#This Row],[SLA_Target_Hrs]],"No", "Yes") -> Yes | S194: =IF(Table1[[#This Row],[Calculated_SLA]]=Table1[[#This Row],[SLA_Met]],"Match","Mismatch") -> Match | T194: =IF(Table1[[#This Row],[Calculated_SLA]]="Yes",1,0) -> 1 | U194: =IF(COUNTIFS(Reference_data!A:A,Table1[[#This Row],[Category]],Reference_data!B:B,Table1[[#This Row],[Sub_Category]])>0,"Valid","Invalid") -> Valid | V194: =_xlfn.XLOOKUP([1]!Table1[[#This Row],[Sub_Category]],[1]Reference_data!B:B,[1]Reference_data!A:A) -> Supplies & Logistics | W194: =IF([1]!Table1[[#This Row],[Category]]=[1]!Table1[[#This Row],[Expected_Category ]],"Valid", "invalid") -> Valid
A195: TKT000194 | B195: HDFC Bank Ltd | C195: 01/26/2026 11:01 | D195: 01/26/2026 14:55 | E195: Supplies & Logistics | F195: Paper Supply | G195: Medium | H195: Emma | I195: Logistics Team | J195: 3.9 | K195: 8 | L195: Yes | M195: 4 | N195: No | O195: Closed | P195: Fixed | Q195: South | R195: =IF(Table1[[#This Row],[Resolution_Time_Hrs]]>Table1[[#This Row],[SLA_Target_Hrs]],"No", "Yes") -> Yes | S195: =IF(Table1[[#This Row],[Calculated_SLA]]=Table1[[#This Row],[SLA_Met]],"Match","Mismatch") -> Match | T195: =IF(Table1[[#This Row],[Calculated_SLA]]="Yes",1,0) -> 1 | U195: =IF(COUNTIFS(Reference_data!A:A,Table1[[#This Row],[Category]],Reference_data!B:B,Table1[[#This Row],[Sub_Category]])>0,"Valid","Invalid") -> Valid | V195: =_xlfn.XLOOKUP([1]!Table1[[#This Row],[Sub_Category]],[1]Reference_data!B:B,[1]Reference_data!A:A) -> Supplies & Logistics | W195: =IF([1]!Table1[[#This Row],[Category]]=[1]!Table1[[#This Row],[Expected_Category ]],"Valid", "invalid") -> Valid
A196: TKT000195 | B196: Reliance Ltd | C196: 02/24/2026 15:28 | D196: 02/25/2026 01:10 | E196: Connectivity & Software | F196: Network Dropouts | G196: Low | H196: Sarah | I196: Network Team | J196: 9.7 | K196: 24 | L196: Yes | M196: 5 | N196: No | O196: Closed | P196: Fixed | Q196: South | R196: =IF(Table1[[#This Row],[Resolution_Time_Hrs]]>Table1[[#This Row],[SLA_Target_Hrs]],"No", "Yes") -> Yes | S196: =IF(Table1[[#This Row],[Calculated_SLA]]=Table1[[#This Row],[SLA_Met]],"Match","Mismatch") -> Match | T196: =IF(Table1[[#This Row],[Calculated_SLA]]="Yes",1,0) -> 1 | U196: =IF(COUNTIFS(Reference_data!A:A,Table1[[#This Row],[Category]],Reference_data!B:B,Table1[[#This Row],[Sub_Category]])>0,"Valid","Invalid") -> Valid | V196: =_xlfn.XLOOKUP([1]!Table1[[#This Row],[Sub_Category]],[1]Reference_data!B:B,[1]Reference_data!A:A) -> Connectivity & Software | W196: =IF([1]!Table1[[#This Row],[Category]]=[1]!Table1[[#This Row],[Expected_Category ]],"Valid", "invalid") -> Valid
A197: TKT000196 | B197: Reliance Ltd | C197: 01/07/2026 09:41 | D197: 01/07/2026 13:35 | E197: Supplies & Logistics | F197: Toner Replenishment | G197: Medium | H197: Tony | I197: Logistics Team | J197: 3.9 | K197: 8 | L197: Yes | M197: 5 | N197: No | O197: Closed | P197: Fixed | Q197: South | R197: =IF(Table1[[#This Row],[Resolution_Time_Hrs]]>Table1[[#This Row],[SLA_Target_Hrs]],"No", "Yes") -> Yes | S197: =IF(Table1[[#This Row],[Calculated_SLA]]=Table1[[#This Row],[SLA_Met]],"Match","Mismatch") -> Match | T197: =IF(Table1[[#This Row],[Calculated_SLA]]="Yes",1,0) -> 1 | U197: =IF(COUNTIFS(Reference_data!A:A,Table1[[#This Row],[Category]],Reference_data!B:B,Table1[[#This Row],[Sub_Category]])>0,"Valid","Invalid") -> Valid | V197: =_xlfn.XLOOKUP([1]!Table1[[#This Row],[Sub_Category]],[1]Reference_data!B:B,[1]Reference_data!A:A) -> Supplies & Logistics | W197: =IF([1]!Table1[[#This Row],[Category]]=[1]!Table1[[#This Row],[Expected_Category ]],"Valid", "invalid") -> Valid
A198: TKT000197 | B198: ICICI Bank Ltd | C198: 02/19/2026 09:28 | D198: 02/19/2026 18:28 | E198: Connectivity & Software | F198: Network Dropouts | G198: Medium | H198: James | I198: Network Team | J198: 9 | K198: 8 | L198: No | M198: 2 | N198: No | O198: Closed | P198: Escalated | Q198: East | R198: =IF(Table1[[#This Row],[Resolution_Time_Hrs]]>Table1[[#This Row],[SLA_Target_Hrs]],"No", "Yes") -> No | S198: =IF(Table1[[#This Row],[Calculated_SLA]]=Table1[[#This Row],[SLA_Met]],"Match","Mismatch") -> Match | T198: =IF(Table1[[#This Row],[Calculated_SLA]]="Yes",1,0) -> 0 | U198: =IF(COUNTIFS(Reference_data!A:A,Table1[[#This Row],[Category]],Reference_data!B:B,Table1[[#This Row],[Sub_Category]])>0,"Valid","Invalid") -> Valid | V198: =_xlfn.XLOOKUP([1]!Table1[[#This Row],[Sub_Category]],[1]Reference_data!B:B,[1]Reference_data!A:A) -> Connectivity & Software | W198: =IF([1]!Table1[[#This Row],[Category]]=[1]!Table1[[#This Row],[Expected_Category ]],"Valid", "invalid") -> Valid
A199: TKT000198 | B199: LIC Corp Ltd | C199: 02/15/2026 08:19 | D199: 02/15/2026 20:37 | E199: Print Quality | F199: Defective Prints | G199: Medium | H199: Michael | I199: Remote Support | J199: 12.3 | K199: 8 | L199: No | M199: 2 | N199: No | O199: Closed | P199: Escalated | Q199: South | R199: =IF(Table1[[#This Row],[Resolution_Time_Hrs]]>Table1[[#This Row],[SLA_Target_Hrs]],"No", "Yes") -> No | S199: =IF(Table1[[#This Row],[Calculated_SLA]]=Table1[[#This Row],[SLA_Met]],"Match","Mismatch") -> Match | T199: =IF(Table1[[#This Row],[Calculated_SLA]]="Yes",1,0) -> 0 | U199: =IF(COUNTIFS(Reference_data!A:A,Table1[[#This Row],[Category]],Reference_data!B:B,Table1[[#This Row],[Sub_Category]])>0,"Valid","Invalid") -> Valid | V199: =_xlfn.XLOOKUP([1]!Table1[[#This Row],[Sub_Category]],[1]Reference_data!B:B,[1]Reference_data!A:A) -> Print Quality | W199: =IF([1]!Table1[[#This Row],[Category]]=[1]!Table1[[#This Row],[Expected_Category ]],"Valid", "invalid") -> Valid
A200: TKT000199 | B200: Bharti Airtel Ltd | C200: 03/25/2026 13:38 | D200: 03/25/2026 16:50 | E200: Contract & Billing | F200: Lease Terms | G200: Medium | H200: Tina | I200: Billing Team | J200: 3.2 | K200: 8 | L200: Yes | M200: 4 | N200: No | O200: Closed | P200: Fixed | Q200: South | R200: =IF(Table1[[#This Row],[Resolution_Time_Hrs]]>Table1[[#This Row],[SLA_Target_Hrs]],"No", "Yes") -> Yes | S200: =IF(Table1[[#This Row],[Calculated_SLA]]=Table1[[#This Row],[SLA_Met]],"Match","Mismatch") -> Match | T200: =IF(Table1[[#This Row],[Calculated_SLA]]="Yes",1,0) -> 1 | U200: =IF(COUNTIFS(Reference_data!A:A,Table1[[#This Row],[Category]],Reference_data!B:B,Table1[[#This Row],[Sub_Category]])>0,"Valid","Invalid") -> Valid | V200: =_xlfn.XLOOKUP([1]!Table1[[#This Row],[Sub_Category]],[1]Reference_data!B:B,[1]Reference_data!A:A) -> Contract & Billing | W200: =IF([1]!Table1[[#This Row],[Category]]=[1]!Table1[[#This Row],[Expected_Category ]],"Valid", "invalid") -> Valid
A201: TKT000200 | B201: Bajaj Finance Ltd | C201: 02/23/2026 17:40 | D201: 02/24/2026 05:58 | E201: Hardware & Mechanical | F201: Parts Wear | G201: Medium | H201: Emma | I201: Field Support | J201: 12.3 | K201: 8 | L201: No | M201: 3 | N201: Yes | O201: Closed | P201: Temporary Workaround | Q201: West | R201: =IF(Table1[[#This Row],[Resolution_Time_Hrs]]>Table1[[#This Row],[SLA_Target_Hrs]],"No", "Yes") -> No | S201: =IF(Table1[[#This Row],[Calculated_SLA]]=Table1[[#This Row],[SLA_Met]],"Match","Mismatch") -> Match | T201: =IF(Table1[[#This Row],[Calculated_SLA]]="Yes",1,0) -> 0 | U201: =IF(COUNTIFS(Reference_data!A:A,Table1[[#This Row],[Category]],Reference_data!B:B,Table1[[#This Row],[Sub_Category]])>0,"Valid","Invalid") -> Valid | V201: =_xlfn.XLOOKUP([1]!Table1[[#This Row],[Sub_Category]],[1]Reference_data!B:B,[1]Reference_data!A:A) -> Hardware & Mechanical | W201: =IF([1]!Table1[[#This Row],[Category]]=[1]!Table1[[#This Row],[Expected_Category ]],"Valid", "invalid") -> Valid
A202: TKT000201 | B202: Hindustan Unilever Ltd | C202: 02/21/2026 08:36 | D202: 02/21/2026 12:54 | E202: Print Quality | F202: Finishing Errors | G202: Medium | H202: Emma | I202: Field Support | J202: 4.3 | K202: 8 | L202: Yes | M202: 4 | N202: No | O202: Closed | P202: Fixed | Q202: South | R202: =IF(Table1[[#This Row],[Resolution_Time_Hrs]]>Table1[[#This Row],[SLA_Target_Hrs]],"No", "Yes") -> Yes | S202: =IF(Table1[[#This Row],[Calculated_SLA]]=Table1[[#This Row],[SLA_Met]],"Match","Mismatch") -> Match | T202: =IF(Table1[[#This Row],[Calculated_SLA]]="Yes",1,0) -> 1 | U202: =IF(COUNTIFS(Reference_data!A:A,Table1[[#This Row],[Category]],Reference_data!B:B,Table1[[#This Row],[Sub_Category]])>0,"Valid","Invalid") -> Valid | V202: =_xlfn.XLOOKUP([1]!Table1[[#This Row],[Sub_Category]],[1]Reference_data!B:B,[1]Reference_data!A:A) -> Print Quality | W202: =IF([1]!Table1[[#This Row],[Category]]=[1]!Table1[[#This Row],[Expected_Category ]],"Valid", "invalid") -> Valid
... A222: TKT000221 | B222: ICICI Bank Ltd | C222: 02/14/2026 14:55 | D222: 02/14/2026 17:25 | E222: Contract & Billing | F222: Relocation Requests | G222: Medium | H222: Sarah | I222: Billing Team | J222: 2.5 | K222: 8 | L222: Yes | M222: 4 | N222: No | O222: Closed | P222: Fixed | Q222: South | R222: =IF(Table1[[#This Row],[Resolution_Time_Hrs]]>Table1[[#This Row],[SLA_Target_Hrs]],"No", "Yes") -> Yes | S222: =IF(Table1[[#This Row],[Calculated_SLA]]=Table1[[#This Row],[SLA_Met]],"Match","Mismatch") -> Match | T222: =IF(Table1[[#This Row],[Calculated_SLA]]="Yes",1,0) -> 1 | U222: =IF(COUNTIFS(Reference_data!A:A,Table1[[#This Row],[Category]],Reference_data!B:B,Table1[[#This Row],[Sub_Category]])>0,"Valid","Invalid") -> Valid | V222: =_xlfn.XLOOKUP([1]!Table1[[#This Row],[Sub_Category]],[1]Reference_data!B:B,[1]Reference_data!A:A) -> Contract & Billing | W222: =IF([1]!Table1[[#This Row],[Category]]=[1]!Table1[[#This Row],[Expected_Category ]],"Valid", "invalid") -> Valid
A223: TKT000222 | B223: Reliance Ltd | C223: 03/16/2026 14:49 | D223: 03/17/2026 02:01 | E223: Connectivity & Software | F223: Driver & Setup | G223: Low | H223: James | I223: Network Team | J223: 11.2 | K223: 24 | L223: Yes | N223: No | O223: Closed | P223: Fixed | Q223: West | R223: =IF(Table1[[#This Row],[Resolution_Time_Hrs]]>Table1[[#This Row],[SLA_Target_Hrs]],"No", "Yes") -> Yes | S223: =IF(Table1[[#This Row],[Calculated_SLA]]=Table1[[#This Row],[SLA_Met]],"Match","Mismatch") -> Match | T223: =IF(Table1[[#This Row],[Calculated_SLA]]="Yes",1,0) -> 1 | U223: =IF(COUNTIFS(Reference_data!A:A,Table1[[#This Row],[Category]],Reference_data!B:B,Table1[[#This Row],[Sub_Category]])>0,"Valid","Invalid") -> Valid | V223: =_xlfn.XLOOKUP([1]!Table1[[#This Row],[Sub_Category]],[1]Reference_data!B:B,[1]Reference_data!A:A) -> Connectivity & Software | W223: =IF([1]!Table1[[#This Row],[Category]]=[1]!Table1[[#This Row],[Expected_Category ]],"Valid", "invalid") -> Valid
A224: TKT000223 | B224: Reliance Ltd | C224: 02/05/2026 10:27 | D224: 02/05/2026 15:15 | E224: Supplies & Logistics | F224: Paper Supply | G224: Medium | H224: James | I224: Logistics Team | J224: 4.8 | K224: 8 | L224: Yes | M224: 4 | N224: No | O224: Closed | P224: Fixed | Q224: North | R224: =IF(Table1[[#This Row],[Resolution_Time_Hrs]]>Table1[[#This Row],[SLA_Target_Hrs]],"No", "Yes") -> Yes | S224: =IF(Table1[[#This Row],[Calculated_SLA]]=Table1[[#This Row],[SLA_Met]],"Match","Mismatch") -> Match | T224: =IF(Table1[[#This Row],[Calculated_SLA]]="Yes",1,0) -> 1 | U224: =IF(COUNTIFS(Reference_data!A:A,Table1[[#This Row],[Category]],Reference_data!B:B,Table1[[#This Row],[Sub_Category]])>0,"Valid","Invalid") -> Valid | V224: =_xlfn.XLOOKUP([1]!Table1[[#This Row],[Sub_Category]],[1]Reference_data!B:B,[1]Reference_data!A:A) -> Supplies & Logistics | W224: =IF([1]!Table1[[#This Row],[Category]]=[1]!Table1[[#This Row],[Expected_Category ]],"Valid", "invalid") -> Valid
A225: TKT000224 | B225: HDFC Bank Ltd | C225: 01/24/2026 08:28 | D225: 01/24/2026 16:22 | E225: Supplies & Logistics | F225: Toner Replenishment | G225: Medium | H225: Michael | I225: Logistics Team | J225: 7.9 | K225: 8 | L225: Yes | M225: 4 | N225: No | O225: Closed | P225: Fixed | Q225: North | R225: =IF(Table1[[#This Row],[Resolution_Time_Hrs]]>Table1[[#This Row],[SLA_Target_Hrs]],"No", "Yes") -> Yes | S225: =IF(Table1[[#This Row],[Calculated_SLA]]=Table1[[#This Row],[SLA_Met]],"Match","Mismatch") -> Match | T225: =IF(Table1[[#This Row],[Calculated_SLA]]="Yes",1,0) -> 1 | U225: =IF(COUNTIFS(Reference_data!A:A,Table1[[#This Row],[Category]],Reference_data!B:B,Table1[[#This Row],[Sub_Category]])>0,"Valid","Invalid") -> Valid | V225: =_xlfn.XLOOKUP([1]!Table1[[#This Row],[Sub_Category]],[1]Reference_data!B:B,[1]Reference_data!A:A) -> Supplies & Logistics | W225: =IF([1]!Table1[[#This Row],[Category]]=[1]!Table1[[#This Row],[Expected_Category ]],"Valid", "invalid") -> Valid
A226: TKT000225 | B226: United Overseas Bank | C226: 03/12/2026 15:22 | D226: 03/13/2026 00:34 | E226: Connectivity & Software | F226: Network Dropouts | G226: Medium | H226: Jack | I226: Network Team | J226: 9.2 | K226: 8 | L226: No | M226: 2 | N226: No | O226: Closed | P226: Temporary Workaround | Q226: West | R226: =IF(Table1[[#This Row],[Resolution_Time_Hrs]]>Table1[[#This Row],[SLA_Target_Hrs]],"No", "Yes") -> No | S226: =IF(Table1[[#This Row],[Calculated_SLA]]=Table1[[#This Row],[SLA_Met]],"Match","Mismatch") -> Match | T226: =IF(Table1[[#This Row],[Calculated_SLA]]="Yes",1,0) -> 0 | U226: =IF(COUNTIFS(Reference_data!A:A,Table1[[#This Row],[Category]],Reference_data!B:B,Table1[[#This Row],[Sub_Category]])>0,"Valid","Invalid") -> Valid | V226: =_xlfn.XLOOKUP([1]!Table1[[#This Row],[Sub_Category]],[1]Reference_data!B:B,[1]Reference_data!A:A) -> Connectivity & Software | W226: =IF([1]!Table1[[#This Row],[Category]]=[1]!Table1[[#This Row],[Expected_Category ]],"Valid", "invalid") -> Valid
A227: TKT000226 | B227: United Overseas Bank | C227: 03/05/2026 13:21 | D227: 03/05/2026 18:33 | E227: Supplies & Logistics | F227: Paper Supply | G227: High | H227: Judy | I227: Logistics Team | J227: 5.2 | K227: 4 | L227: No | M227: 2 | N227: No | O227: Closed | P227: Temporary Workaround | Q227: North | R227: =IF(Table1[[#This Row],[Resolution_Time_Hrs]]>Table1[[#This Row],[SLA_Target_Hrs]],"No", "Yes") -> No | S227: =IF(Table1[[#This Row],[Calculated_SLA]]=Table1[[#This Row],[SLA_Met]],"Match","Mismatch") -> Match | T227: =IF(Table1[[#This Row],[Calculated_SLA]]="Yes",1,0) -> 0 | U227: =IF(COUNTIFS(Reference_data!A:A,Table1[[#This Row],[Category]],Reference_data!B:B,Table1[[#This Row],[Sub_Category]])>0,"Valid","Invalid") -> Valid | V227: =_xlfn.XLOOKUP([1]!Table1[[#This Row],[Sub_Category]],[1]Reference_data!B:B,[1]Reference_data!A:A) -> Supplies & Logistics | W227: =IF([1]!Table1[[#This Row],[Category]]=[1]!Table1[[#This Row],[Expected_Category ]],"Valid", "invalid") -> Valid
A228: TKT000227 | B228: ICICI Bank Ltd | C228: 03/22/2026 14:46 | D228: 03/22/2026 16:40 | E228: Contract & Billing | F228: Relocation Requests | G228: Medium | H228: Jack | I228: Billing Team | J228: 1.9 | K228: 8 | L228: Yes | M228: 5 | N228: No | O228: Closed | P228: Fixed | Q228: South | R228: =IF(Table1[[#This Row],[Resolution_Time_Hrs]]>Table1[[#This Row],[SLA_Target_Hrs]],"No", "Yes") -> Yes | S228: =IF(Table1[[#This Row],[Calculated_SLA]]=Table1[[#This Row],[SLA_Met]],"Match","Mismatch") -> Match | T228: =IF(Table1[[#This Row],[Calculated_SLA]]="Yes",1,0) -> 1 | U228: =IF(COUNTIFS(Reference_data!A:A,Table1[[#This Row],[Category]],Reference_data!B:B,Table1[[#This Row],[Sub_Category]])>0,"Valid","Invalid") -> Valid | V228: =_xlfn.XLOOKUP([1]!Table1[[#This Row],[Sub_Category]],[1]Reference_data!B:B,[1]Reference_data!A:A) -> Contract & Billing | W228: =IF([1]!Table1[[#This Row],[Category]]=[1]!Table1[[#This Row],[Expected_Category ]],"Valid", "invalid") -> Valid
A229: TKT000228 | B229: Reliance Ltd | C229: 03/17/2026 13:38 | D229: 03/18/2026 04:08 | E229: Hardware & Mechanical | F229: Parts Wear | G229: Medium | H229: Michael | I229: Field Support | J229: 14.5 | K229: 8 | L229: No | M229: 3 | N229: No | O229: Closed | P229: Escalated | Q229: North | R229: =IF(Table1[[#This Row],[Resolution_Time_Hrs]]>Table1[[#This Row],[SLA_Target_Hrs]],"No", "Yes") -> No | S229: =IF(Table1[[#This Row],[Calculated_SLA]]=Table1[[#This Row],[SLA_Met]],"Match","Mismatch") -> Match | T229: =IF(Table1[[#This Row],[Calculated_SLA]]="Yes",1,0) -> 0 | U229: =IF(COUNTIFS(Reference_data!A:A,Table1[[#This Row],[Category]],Reference_data!B:B,Table1[[#This Row],[Sub_Category]])>0,"Valid","Invalid") -> Valid | V229: =_xlfn.XLOOKUP([1]!Table1[[#This Row],[Sub_Category]],[1]Reference_data!B:B,[1]Reference_data!A:A) -> Hardware & Mechanical | W229: =IF([1]!Table1[[#This Row],[Category]]=[1]!Table1[[#This Row],[Expected_Category ]],"Valid", "invalid") -> Valid
A230: TKT000229 | B230: Bajaj Finance Ltd | C230: 01/25/2026 11:10 | D230: 01/25/2026 18:34 | E230: Print Quality | F230: Color Calibration | G230: Low | H230: Emma | I230: Remote Support | J230: 7.4 | K230: 24 | L230: Yes | M230: 4 | N230: No | O230: Closed | P230: Fixed | Q230: East | R230: =IF(Table1[[#This Row],[Resolution_Time_Hrs]]>Table1[[#This Row],[SLA_Target_Hrs]],"No", "Yes") -> Yes | S230: =IF(Table1[[#This Row],[Calculated_SLA]]=Table1[[#This Row],[SLA_Met]],"Match","Mismatch") -> Match | T230: =IF(Table1[[#This Row],[Calculated_SLA]]="Yes",1,0) -> 1 | U230: =IF(COUNTIFS(Reference_data!A:A,Table1[[#This Row],[Category]],Reference_data!B:B,Table1[[#This Row],[Sub_Category]])>0,"Valid","Invalid") -> Valid | V230: =_xlfn.XLOOKUP([1]!Table1[[#This Row],[Sub_Category]],[1]Reference_data!B:B,[1]Reference_data!A:A) -> Print Quality | W230: =IF([1]!Table1[[#This Row],[Category]]=[1]!Table1[[#This Row],[Expected_Category ]],"Valid", "invalid") -> Valid
A231: TKT000230 | B231: Amazon Ltd | C231: 03/20/2026 10:56 | D231: 03/20/2026 23:56 | E231: Connectivity & Software | F231: Driver & Setup | G231: Medium | H231: Jack | I231: Network Team | J231: 13 | K231: 8 | L231: No | M231: 3 | N231: No | O231: Closed | P231: Temporary Workaround | Q231: East | R231: =IF(Table1[[#This Row],[Resolution_Time_Hrs]]>Table1[[#This Row],[SLA_Target_Hrs]],"No", "Yes") -> No | S231: =IF(Table1[[#This Row],[Calculated_SLA]]=Table1[[#This Row],[SLA_Met]],"Match","Mismatch") -> Match | T231: =IF(Table1[[#This Row],[Calculated_SLA]]="Yes",1,0) -> 0 | U231: =IF(COUNTIFS(Reference_data!A:A,Table1[[#This Row],[Category]],Reference_data!B:B,Table1[[#This Row],[Sub_Category]])>0,"Valid","Invalid") -> Valid | V231: =_xlfn.XLOOKUP([1]!Table1[[#This Row],[Sub_Category]],[1]Reference_data!B:B,[1]Reference_data!A:A) -> Connectivity & Software | W231: =IF([1]!Table1[[#This Row],[Category]]=[1]!Table1[[#This Row],[Expected_Category ]],"Valid", "invalid") -> Valid
A232: TKT000231 | B232: Bharti Airtel Ltd | C232: 03/08/2026 15:43 | D232: 03/09/2026 06:07 | E232: Connectivity & Software | F232: Network Dropouts | G232: Low | H232: Tony | I232: Network Team | J232: 14.4 | K232: 24 | L232: Yes | N232: No | O232: Closed | P232: Fixed | Q232: West | R232: =IF(Table1[[#This Row],[Resolution_Time_Hrs]]>Table1[[#This Row],[SLA_Target_Hrs]],"No", "Yes") -> Yes | S232: =IF(Table1[[#This Row],[Calculated_SLA]]=Table1[[#This Row],[SLA_Met]],"Match","Mismatch") -> Match | T232: =IF(Table1[[#This Row],[Calculated_SLA]]="Yes",1,0) -> 1 | U232: =IF(COUNTIFS(Reference_data!A:A,Table1[[#This Row],[Category]],Reference_data!B:B,Table1[[#This Row],[Sub_Category]])>0,"Valid","Invalid") -> Valid | V232: =_xlfn.XLOOKUP([1]!Table1[[#This Row],[Sub_Category]],[1]Reference_data!B:B,[1]Reference_data!A:A) -> Connectivity & Software | W232: =IF([1]!Table1[[#This Row],[Category]]=[1]!Table1[[#This Row],[Expected_Category ]],"Valid", "invalid") -> Valid
A233: TKT000232 | B233: Reliance Ltd | C233: 01/29/2026 15:28 | D233: 01/30/2026 01:40 | E233: Connectivity & Software | F233: Network Dropouts | G233: Low | H233: Era | I233: Network Team | J233: 10.2 | K233: 24 | L233: Yes | M233: 5 | N233: No | O233: Closed | P233: Fixed | Q233: South | R233: =IF(Table1[[#This Row],[Resolution_Time_Hrs]]>Table1[[#This Row],[SLA_Target_Hrs]],"No", "Yes") -> Yes | S233: =IF(Table1[[#This Row],[Calculated_SLA]]=Table1[[#This Row],[SLA_Met]],"Match","Mismatch") -> Match | T233: =IF(Table1[[#This Row],[Calculated_SLA]]="Yes",1,0) -> 1 | U233: =IF(COUNTIFS(Reference_data!A:A,Table1[[#This Row],[Category]],Reference_data!B:B,Table1[[#This Row],[Sub_Category]])>0,"Valid","Invalid") -> Valid | V233: =_xlfn.XLOOKUP([1]!Table1[[#This Row],[Sub_Category]],[1]Reference_data!B:B,[1]Reference_data!A:A) -> Connectivity & Software | W233: =IF([1]!Table1[[#This Row],[Category]]=[1]!Table1[[#This Row],[Expected_Category ]],"Valid", "invalid") -> Valid
A234: TKT000233 | B234: Bajaj Finance Ltd | C234: 03/29/2026 12:21 | D234: 03/30/2026 02:03 | E234: Connectivity & Software | F234: Network Dropouts | G234: Low | H234: Michael | I234: Network Team | J234: 13.7 | K234: 24 | L234: Yes | M234: 4 | N234: No | O234: Closed | P234: Fixed | Q234: North | R234: =IF(Table1[[#This Row],[Resolution_Time_Hrs]]>Table1[[#This Row],[SLA_Target_Hrs]],"No", "Yes") -> Yes | S234: =IF(Table1[[#This Row],[Calculated_SLA]]=Table1[[#This Row],[SLA_Met]],"Match","Mismatch") -> Match | T234: =IF(Table1[[#This Row],[Calculated_SLA]]="Yes",1,0) -> 1 | U234: =IF(COUNTIFS(Reference_data!A:A,Table1[[#This Row],[Category]],Reference_data!B:B,Table1[[#This Row],[Sub_Category]])>0,"Valid","Invalid") -> Valid | V234: =_xlfn.XLOOKUP([1]!Table1[[#This Row],[Sub_Category]],[1]Reference_data!B:B,[1]Reference_data!A:A) -> Connectivity & Software | W234: =IF([1]!Table1[[#This Row],[Category]]=[1]!Table1[[#This Row],[Expected_Category ]],"Valid", "invalid") -> Valid
A235: TKT000234 | B235: Amazon Ltd | C235: 02/16/2026 17:09 | D235: 02/17/2026 11:15 | E235: Hardware & Mechanical | F235: Parts Wear | G235: Low | H235: Jack | I235: Field Support | J235: 18.1 | K235: 24 | L235: Yes | M235: 4 | N235: No | O235: Closed | P235: Fixed | Q235: West | R235: =IF(Table1[[#This Row],[Resolution_Time_Hrs]]>Table1[[#This Row],[SLA_Target_Hrs]],"No", "Yes") -> Yes | S235: =IF(Table1[[#This Row],[Calculated_SLA]]=Table1[[#This Row],[SLA_Met]],"Match","Mismatch") -> Match | T235: =IF(Table1[[#This Row],[Calculated_SLA]]="Yes",1,0) -> 1 | U235: =IF(COUNTIFS(Reference_data!A:A,Table1[[#This Row],[Category]],Reference_data!B:B,Table1[[#This Row],[Sub_Category]])>0,"Valid","Invalid") -> Valid | V235: =_xlfn.XLOOKUP([1]!Table1[[#This Row],[Sub_Category]],[1]Reference_data!B:B,[1]Reference_data!A:A) -> Hardware & Mechanical | W235: =IF([1]!Table1[[#This Row],[Category]]=[1]!Table1[[#This Row],[Expected_Category ]],"Valid", "invalid") -> Valid
A236: TKT000235 | B236: United Overseas Bank | C236: 03/01/2026 09:42 | D236: 03/01/2026 13:00 | E236: Contract & Billing | F236: Relocation Requests | G236: Medium | H236: Emma | I236: Billing Team | J236: 3.3 | K236: 8 | L236: No | M236: 3 | N236: Yes | O236: Closed | P236: Escalated | Q236: West | R236: =IF(Table1[[#This Row],[Resolution_Time_Hrs]]>Table1[[#This Row],[SLA_Target_Hrs]],"No", "Yes") -> Yes | S236: =IF(Table1[[#This Row],[Calculated_SLA]]=Table1[[#This Row],[SLA_Met]],"Match","Mismatch") -> Mismatch | T236: =IF(Table1[[#This Row],[Calculated_SLA]]="Yes",1,0) -> 1 | U236: =IF(COUNTIFS(Reference_data!A:A,Table1[[#This Row],[Category]],Reference_data!B:B,Table1[[#This Row],[Sub_Category]])>0,"Valid","Invalid") -> Valid | V236: =_xlfn.XLOOKUP([1]!Table1[[#This Row],[Sub_Category]],[1]Reference_data!B:B,[1]Reference_data!A:A) -> Contract & Billing | W236: =IF([1]!Table1[[#This Row],[Category]]=[1]!Table1[[#This Row],[Expected_Category ]],"Valid", "invalid") -> Valid
A237: TKT000236 | B237: Bajaj Finance Ltd | C237: 02/13/2026 15:36 | D237: 02/14/2026 01:42 | E237: Connectivity & Software | F237: Network Dropouts | G237: Low | H237: Tony | I237: Network Team | J237: 10.1 | K237: 24 | L237: Yes | N237: No | O237: Closed | P237: Fixed | Q237: East | R237: =IF(Table1[[#This Row],[Resolution_Time_Hrs]]>Table1[[#This Row],[SLA_Target_Hrs]],"No", "Yes") -> Yes | S237: =IF(Table1[[#This Row],[Calculated_SLA]]=Table1[[#This Row],[SLA_Met]],"Match","Mismatch") -> Match | T237: =IF(Table1[[#This Row],[Calculated_SLA]]="Yes",1,0) -> 1 | U237: =IF(COUNTIFS(Reference_data!A:A,Table1[[#This Row],[Category]],Reference_data!B:B,Table1[[#This Row],[Sub_Category]])>0,"Valid","Invalid") -> Valid | V237: =_xlfn.XLOOKUP([1]!Table1[[#This Row],[Sub_Category]],[1]Reference_data!B:B,[1]Reference_data!A:A) -> Connectivity & Software | W237: =IF([1]!Table1[[#This Row],[Category]]=[1]!Table1[[#This Row],[Expected_Category ]],"Valid", "invalid") -> Valid
A238: TKT000237 | B238: Tata Consultancy Services Ltd | C238: 03/17/2026 11:12 | D238: 03/17/2026 20:36 | E238: Supplies & Logistics | F238: Toner Replenishment | G238: High | H238: Michael | I238: Logistics Team | J238: 9.4 | K238: 4 | L238: No | M238: 2 | N238: No | O238: Closed | P238: Escalated | Q238: West | R238: =IF(Table1[[#This Row],[Resolution_Time_Hrs]]>Table1[[#This Row],[SLA_Target_Hrs]],"No", "Yes") -> No | S238: =IF(Table1[[#This Row],[Calculated_SLA]]=Table1[[#This Row],[SLA_Met]],"Match","Mismatch") -> Match | T238: =IF(Table1[[#This Row],[Calculated_SLA]]="Yes",1,0) -> 0 | U238: =IF(COUNTIFS(Reference_data!A:A,Table1[[#This Row],[Category]],Reference_data!B:B,Table1[[#This Row],[Sub_Category]])>0,"Valid","Invalid") -> Valid | V238: =_xlfn.XLOOKUP([1]!Table1[[#This Row],[Sub_Category]],[1]Reference_data!B:B,[1]Reference_data!A:A) -> Supplies & Logistics | W238: =IF([1]!Table1[[#This Row],[Category]]=[1]!Table1[[#This Row],[Expected_Category ]],"Valid", "invalid") -> Valid
A239: TKT000238 | B239: ICICI Bank Ltd | C239: 02/06/2026 16:33 | D239: 02/07/2026 02:03 | E239: Connectivity & Software | F239: Driver & Setup | G239: Medium | H239: Judy | I239: Network Team | J239: 9.5 | K239: 8 | L239: No | M239: 2 | N239: Yes | O239: Closed | P239: Escalated | Q239: East | R239: =IF(Table1[[#This Row],[Resolution_Time_Hrs]]>Table1[[#This Row],[SLA_Target_Hrs]],"No", "Yes") -> No | S239: =IF(Table1[[#This Row],[Calculated_SLA]]=Table1[[#This Row],[SLA_Met]],"Match","Mismatch") -> Match | T239: =IF(Table1[[#This Row],[Calculated_SLA]]="Yes",1,0) -> 0 | U239: =IF(COUNTIFS(Reference_data!A:A,Table1[[#This Row],[Category]],Reference_data!B:B,Table1[[#This Row],[Sub_Category]])>0,"Valid","Invalid") -> Valid | V239: =_xlfn.XLOOKUP([1]!Table1[[#This Row],[Sub_Category]],[1]Reference_data!B:B,[1]Reference_data!A:A) -> Connectivity & Software | W239: =IF([1]!Table1[[#This Row],[Category]]=[1]!Table1[[#This Row],[Expected_Category ]],"Valid", "invalid") -> Valid
A240: TKT000239 | B240: Hindustan Unilever Ltd | C240: 03/18/2026 14:43 | D240: 03/19/2026 05:13 | E240: Connectivity & Software | F240: Network Dropouts | G240: Medium | H240: James | I240: Network Team | J240: 14.5 | K240: 8 | L240: No | M240: 2 | N240: No | O240: Closed | P240: Temporary Workaround | Q240: North | R240: =IF(Table1[[#This Row],[Resolution_Time_Hrs]]>Table1[[#This Row],[SLA_Target_Hrs]],"No", "Yes") -> No | S240: =IF(Table1[[#This Row],[Calculated_SLA]]=Table1[[#This Row],[SLA_Met]],"Match","Mismatch") -> Match | T240: =IF(Table1[[#This Row],[Calculated_SLA]]="Yes",1,0) -> 0 | U240: =IF(COUNTIFS(Reference_data!A:A,Table1[[#This Row],[Category]],Reference_data!B:B,Table1[[#This Row],[Sub_Category]])>0,"Valid","Invalid") -> Valid | V240: =_xlfn.XLOOKUP([1]!Table1[[#This Row],[Sub_Category]],[1]Reference_data!B:B,[1]Reference_data!A:A) -> Connectivity & Software | W240: =IF([1]!Table1[[#This Row],[Category]]=[1]!Table1[[#This Row],[Expected_Category ]],"Valid", "invalid") -> Valid
A241: TKT000240 | B241: Bharti Airtel Ltd | C241: 01/21/2026 13:19 | D241: 01/21/2026 17:19 | E241: Supplies & Logistics | F241: Toner Replenishment | G241: Medium | H241: Tony | I241: Logistics Team | J241: 4 | K241: 8 | L241: Yes | M241: 5 | N241: No | O241: Closed | P241: Fixed | Q241: North | R241: =IF(Table1[[#This Row],[Resolution_Time_Hrs]]>Table1[[#This Row],[SLA_Target_Hrs]],"No", "Yes") -> Yes | S241: =IF(Table1[[#This Row],[Calculated_SLA]]=Table1[[#This Row],[SLA_Met]],"Match","Mismatch") -> Match | T241: =IF(Table1[[#This Row],[Calculated_SLA]]="Yes",1,0) -> 1 | U241: =IF(COUNTIFS(Reference_data!A:A,Table1[[#This Row],[Category]],Reference_data!B:B,Table1[[#This Row],[Sub_Category]])>0,"Valid","Invalid") -> Valid | V241: =_xlfn.XLOOKUP([1]!Table1[[#This Row],[Sub_Category]],[1]Reference_data!B:B,[1]Reference_data!A:A) -> Supplies & Logistics | W241: =IF([1]!Table1[[#This Row],[Category]]=[1]!Table1[[#This Row],[Expected_Category ]],"Valid", "invalid") -> Valid
A242: TKT000241 | B242: Tata Consultancy Services Ltd | C242: 01/02/2026 14:03 | D242: 01/03/2026 02:21 | E242: Connectivity & Software | F242: Network Dropouts | G242: High | H242: Mary | I242: Network Team | J242: 12.3 | K242: 4 | L242: No | M242: 3 | N242: Yes | O242: Closed | P242: Escalated | Q242: North | R242: =IF(Table1[[#This Row],[Resolution_Time_Hrs]]>Table1[[#This Row],[SLA_Target_Hrs]],"No", "Yes") -> No | S242: =IF(Table1[[#This Row],[Calculated_SLA]]=Table1[[#This Row],[SLA_Met]],"Match","Mismatch") -> Match | T242: =IF(Table1[[#This Row],[Calculated_SLA]]="Yes",1,0) -> 0 | U242: =IF(COUNTIFS(Reference_data!A:A,Table1[[#This Row],[Category]],Reference_data!B:B,Table1[[#This Row],[Sub_Category]])>0,"Valid","Invalid") -> Valid | V242: =_xlfn.XLOOKUP([1]!Table1[[#This Row],[Sub_Category]],[1]Reference_data!B:B,[1]Reference_data!A:A) -> Connectivity & Software | W242: =IF([1]!Table1[[#This Row],[Category]]=[1]!Table1[[#This Row],[Expected_Category ]],"Valid", "invalid") -> Valid
A243: TKT000242 | B243: LIC Corp Ltd | C243: 03/09/2026 12:05 | D243: 03/09/2026 21:59 | E243: Connectivity & Software | F243: Scan-to-Email | G243: Low | H243: Tina | I243: Network Team | J243: 9.9 | K243: 24 | L243: Yes | M243: 4 | N243: No | O243: Closed | P243: Fixed | Q243: North | R243: =IF(Table1[[#This Row],[Resolution_Time_Hrs]]>Table1[[#This Row],[SLA_Target_Hrs]],"No", "Yes") -> Yes | S243: =IF(Table1[[#This Row],[Calculated_SLA]]=Table1[[#This Row],[SLA_Met]],"Match","Mismatch") -> Match | T243: =IF(Table1[[#This Row],[Calculated_SLA]]="Yes",1,0) -> 1 | U243: =IF(COUNTIFS(Reference_data!A:A,Table1[[#This Row],[Category]],Reference_data!B:B,Table1[[#This Row],[Sub_Category]])>0,"Valid","Invalid") -> Valid | V243: =_xlfn.XLOOKUP([1]!Table1[[#This Row],[Sub_Category]],[1]Reference_data!B:B,[1]Reference_data!A:A) -> Connectivity & Software | W243: =IF([1]!Table1[[#This Row],[Category]]=[1]!Table1[[#This Row],[Expected_Category ]],"Valid", "invalid") -> Valid
A244: TKT000243 | B244: Bharti Airtel Ltd | C244: 03/31/2026 10:19 | D244: 04/01/2026 00:37 | E244: Connectivity & Software | F244: Driver & Setup | G244: High | H244: James | I244: Network Team | J244: 14.3 | K244: 4 | L244: No | M244: 1 | N244: No | O244: Closed | P244: Temporary Workaround | Q244: East | R244: =IF(Table1[[#This Row],[Resolution_Time_Hrs]]>Table1[[#This Row],[SLA_Target_Hrs]],"No", "Yes") -> No | S244: =IF(Table1[[#This Row],[Calculated_SLA]]=Table1[[#This Row],[SLA_Met]],"Match","Mismatch") -> Match | T244: =IF(Table1[[#This Row],[Calculated_SLA]]="Yes",1,0) -> 0 | U244: =IF(COUNTIFS(Reference_data!A:A,Table1[[#This Row],[Category]],Reference_data!B:B,Table1[[#This Row],[Sub_Category]])>0,"Valid","Invalid") -> Valid | V244: =_xlfn.XLOOKUP([1]!Table1[[#This Row],[Sub_Category]],[1]Reference_data!B:B,[1]Reference_data!A:A) -> Connectivity & Software | W244: =IF([1]!Table1[[#This Row],[Category]]=[1]!Table1[[#This Row],[Expected_Category ]],"Valid", "invalid") -> Valid
A245: TKT000244 | B245: HDFC Bank Ltd | C245: 03/26/2026 16:03 | D245: 03/27/2026 05:39 | E245: Hardware & Mechanical | F245: Parts Wear | G245: Medium | H245: Era | I245: Field Support | J245: 13.6 | K245: 8 | L245: No | M245: 2 | N245: No | O245: Closed | P245: Escalated | Q245: West | R245: =IF(Table1[[#This Row],[Resolution_Time_Hrs]]>Table1[[#This Row],[SLA_Target_Hrs]],"No", "Yes") -> No | S245: =IF(Table1[[#This Row],[Calculated_SLA]]=Table1[[#This Row],[SLA_Met]],"Match","Mismatch") -> Match | T245: =IF(Table1[[#This Row],[Calculated_SLA]]="Yes",1,0) -> 0 | U245: =IF(COUNTIFS(Reference_data!A:A,Table1[[#This Row],[Category]],Reference_data!B:B,Table1[[#This Row],[Sub_Category]])>0,"Valid","Invalid") -> Valid | V245: =_xlfn.XLOOKUP([1]!Table1[[#This Row],[Sub_Category]],[1]Reference_data!B:B,[1]Reference_data!A:A) -> Hardware & Mechanical | W245: =IF([1]!Table1[[#This Row],[Category]]=[1]!Table1[[#This Row],[Expected_Category ]],"Valid", "invalid") -> Valid
A246: TKT000245 | B246: Amazon Ltd | C246: 03/26/2026 08:58 | D246: 03/27/2026 00:22 | E246: Print Quality | F246: Defective Prints | G246: High | H246: Michael | I246: Remote Support | J246: 15.4 | K246: 4 | L246: No | M246: 1 | N246: Yes | O246: Closed | P246: Temporary Workaround | Q246: East | R246: =IF(Table1[[#This Row],[Resolution_Time_Hrs]]>Table1[[#This Row],[SLA_Target_Hrs]],"No", "Yes") -> No | S246: =IF(Table1[[#This Row],[Calculated_SLA]]=Table1[[#This Row],[SLA_Met]],"Match","Mismatch") -> Match | T246: =IF(Table1[[#This Row],[Calculated_SLA]]="Yes",1,0) -> 0 | U246: =IF(COUNTIFS(Reference_data!A:A,Table1[[#This Row],[Category]],Reference_data!B:B,Table1[[#This Row],[Sub_Category]])>0,"Valid","Invalid") -> Valid | V246: =_xlfn.XLOOKUP([1]!Table1[[#This Row],[Sub_Category]],[1]Reference_data!B:B,[1]Reference_data!A:A) -> Print Quality | W246: =IF([1]!Table1[[#This Row],[Category]]=[1]!Table1[[#This Row],[Expected_Category ]],"Valid", "invalid") -> Valid
A247: TKT000246 | B247: HDFC Bank Ltd | C247: 02/21/2026 10:50 | D247: 02/21/2026 20:50 | E247: Print Quality | F247: Finishing Errors | G247: Medium | H247: Mary | I247: Field Support | J247: 10 | K247: 8 | L247: No | M247: 1 | N247: No | O247: Closed | P247: Escalated | Q247: North | R247: =IF(Table1[[#This Row],[Resolution_Time_Hrs]]>Table1[[#This Row],[SLA_Target_Hrs]],"No", "Yes") -> No | S247: =IF(Table1[[#This Row],[Calculated_SLA]]=Table1[[#This Row],[SLA_Met]],"Match","Mismatch") -> Match | T247: =IF(Table1[[#This Row],[Calculated_SLA]]="Yes",1,0) -> 0 | U247: =IF(COUNTIFS(Reference_data!A:A,Table1[[#This Row],[Category]],Reference_data!B:B,Table1[[#This Row],[Sub_Category]])>0,"Valid","Invalid") -> Valid | V247: =_xlfn.XLOOKUP([1]!Table1[[#This Row],[Sub_Category]],[1]Reference_data!B:B,[1]Reference_data!A:A) -> Print Quality | W247: =IF([1]!Table1[[#This Row],[Category]]=[1]!Table1[[#This Row],[Expected_Category ]],"Valid", "invalid") -> Valid
...

Sheet Data Validation
A1: Data Cleaning Log | K1: Post-Cleaning Validation
A2: Issue ID | B2: Field | C2: Issue | D2: Action Taken | E2: Reason | K2: Validation | L2: Result
A3: DQ-001 | B3: Ticket_ID | C3: Duplicate Ticket ID | D3: Assigned new Ticket ID (TKT000250) | E3: Restored uniqueness of primary key | K3: Duplicate Rows | L3: 0
A4: DQ-002 | B4: Customer_Rating | C4: 15 missing values | D4: Retained as blank - no response | E4: Accepted | K4: Duplicate Ticket IDs (Primary Key Violation) | L4: 0
A5: DQ-003 | B5: SLA_Met | C5: 12 mismatches | D5: Created Calculated_SLA field | E5: Resolved for reporting | K5: Invalid Category/Sub Category | L5: 0
K6: Invalid Dates | L6: 0
K7: Missing Customer Ratings | L7: 15 accepted - no response
K8: Source SLA Mismatches | L8: 12 documented

Sheet Pivot
A2: Ticket Volume by Catergory | E2: Ticket Volume by Region | K2: SLA Performance by Region
A3: Category | B3: Count of Ticket_ID | E3: Region | F3: Count of Ticket_ID | K3: Region | L3: Average of SLA_Score
A4: Connectivity & Software | B4: 178 | E4: West | F4: 141 | K4: East | L4: 0.53030303
A5: Hardware & Mechanical | B5: 127 | E5: East | F5: 132 | K5: South | L5: 0.52293578
A6: Print Quality | B6: 107 | E6: North | F6: 118 | K6: North | L6: 0.44915254
A7: Supplies & Logistics | B7: 57 | E7: South | F7: 109 | K7: West | L7: 0.41134752
A8: Contract & Billing | B8: 31 | E8: Grand Total | F8: 500 | K8: Grand Total | L8: 0.476
A9: Grand Total | B9: 500
A11: Observation | E11: Observation | K11: Observation
A12: Connectivity & Software accounted for the highest volume of tickets. | E12: West region has the highest volume of tickets. | K12: East region has the highest SLA Performance of 53.03% and lowest being west region with only 41.13% tickets meeting the SLA.
A14: Interpretation | E14: Interpretation | K14: Interpretation
